{
    "id" : 1${alb_x_odd},
    "layout": {
        "x": ${alb_x_odd},
        "y": ${alb_y_axis_intial_value},
        "width": ${alb_resource_panel_width},
        "height": ${alb_resource_panel_height}
    },
    "definition": {
        "type": "note",
        "content": "${alb_dashboard_tags}",
        "background_color": "vivid_green",
        "font_size": "16",
        "text_align": "center",
        "show_tick": true,
        "tick_pos": "50%",
        "tick_edge": "bottom"
    }
},
{
    "id" : 2${alb_x_odd},
    "layout": {
        "x": ${alb_x_odd},
        "y": ${alb_widget1_y},
        "width": ${alb_metrics_panel_width},
        "height": ${alb_metrics_panel_height}
      },
    "definition": {
        "title": "Healthy Hosts Count",
        "title_size": "13",
        "title_align": "left",
        "type": "query_value",
        "requests": [
            {
                "q": "sum:aws.applicationelb.healthy_host_count{${alb_dashboard_tags}}",
                "aggregator": "last",
                "conditional_formats": [
                    {
                        "hide_value": false,
                        "comparator": "<=",
                        "palette": "red_on_white",
                        "value": 0
                    },
                    {
                        "hide_value": false,
                        "comparator": ">",
                        "palette": "green_on_white",
                        "value": 0
                    }
                ]
            }
        ],
        "autoscale": true,
        "precision": 0
    }
},
{
    "id" : 3${alb_x_even},
    "layout": {
        "x": ${alb_x_even},
        "y": ${alb_widget2_y},
        "width": ${alb_metrics_panel_width},
        "height": ${alb_metrics_panel_height}
      },
    "definition": {
        "title": "Unhealthy Hosts Count",
        "title_size": "13",
        "title_align": "left",
        "type": "query_value",
        "requests": [
            {
                "q": "sum:aws.applicationelb.un_healthy_host_count{${alb_dashboard_tags}}",
                "aggregator": "last",
                "conditional_formats": [
                    {
                        "hide_value": false,
                        "comparator": ">",
                        "palette": "white_on_red",
                        "value": 0
                    },
                    {
                        "hide_value": false,
                        "comparator": "<=",
                        "palette": "white_on_green",
                        "value": 0
                    }
                ]
            }
        ],
        "autoscale": true,
        "precision": 0
    }
},
{
    "id" : 4${alb_x_odd},
    "layout": {
        "x": ${alb_x_odd},
        "y": ${alb_widget3_y},
        "width": ${alb_metrics_panel_width},
        "height": ${alb_metrics_panel_height}
      },
    "definition": {
        "title": "Requests per second (Avg.)",
        "title_size": "13",
        "title_align": "left",
        "time": {
            "live_span": "1h"
        },
        "type": "query_value",
        "requests": [
            {
                "q": "avg:aws.applicationelb.request_count{${alb_dashboard_tags}}.as_rate()",
                "aggregator": "avg"
            }
        ],
        "autoscale": true,
        "precision": 1
    }
},
{
    "id" : 5${alb_x_even},
    "layout": {
        "x": ${alb_x_even},
        "y": ${alb_widget4_y},
        "width": ${alb_metrics_panel_width},
        "height": ${alb_metrics_panel_height}
      },
    "definition": {
        "title": "Response Time (Avg.)",
        "title_size": "13",
        "title_align": "left",
        "time": {
            "live_span": "1h"
        },
        "type": "query_value",
        "requests": [
            {
                "q": "avg:aws.applicationelb.target_response_time.average{${alb_dashboard_tags}}",
                "aggregator": "avg",
                "conditional_formats": [
                    {
                        "hide_value": false,
                        "comparator": ">",
                        "palette": "white_on_red",
                        "value": 500
                    },
                    {
                        "hide_value": false,
                        "comparator": ">",
                        "palette": "white_on_yellow",
                        "value": 400
                    },
                    {
                        "hide_value": false,
                        "comparator": "<=",
                        "palette": "white_on_green",
                        "value": 400
                    }
                ]
            }
        ],
        "autoscale": true,
        "precision": 0
    }
},
{
    "id" : 6${alb_x_odd},
    "layout": {
        "x": ${alb_x_odd},
        "y": ${alb_widget5_y},
        "width": ${alb_metrics_panel_width},
        "height": ${alb_metrics_panel_height}
      },
    "definition": {
        "title": "Healthy hosts",
        "title_size": "16",
        "title_align": "left",
        "show_legend": false,
        "legend_size": "0",
        "type": "timeseries",
        "requests": [
            {
                "q": "sum:aws.applicationelb.healthy_host_count{${alb_dashboard_tags}}",
                "on_right_yaxis": false,
                "style": {
                    "palette": "cool",
                    "line_type": "solid",
                    "line_width": "normal"
                },
                "display_type": "line"
            }
        ],
        "yaxis": {
            "include_zero": true,
            "scale": "linear",
            "min": "auto",
            "max": "auto"
        }
    }
},
{
    "id" : 7${alb_x_even},
    "layout": {
        "x": ${alb_x_even},
        "y": ${alb_widget6_y},
        "width": ${alb_metrics_panel_width},
        "height": ${alb_metrics_panel_height}
      },
    "definition": {
        "title": "Latency - Target Response Time",
        "title_size": "16",
        "title_align": "left",
        "show_legend": false,
        "legend_size": "0",
        "type": "timeseries",
        "requests": [
            {
                "q": "max:aws.applicationelb.target_response_time.p95{${alb_dashboard_tags}}",
                "on_right_yaxis": false,
                "metadata": [
                    {
                        "expression": "max:aws.applicationelb.target_response_time.p95{${alb_dashboard_tags}}",
                        "alias_name": "response_time.p95"
                    }
                ],
                "style": {
                    "palette": "cool",
                    "line_type": "solid",
                    "line_width": "normal"
                },
                "display_type": "line"
            },
            {
                "q": "max:aws.applicationelb.target_response_time.p99{${alb_dashboard_tags}}",
                "on_right_yaxis": false,
                "metadata": [
                    {
                        "expression": "max:aws.applicationelb.target_response_time.p99{${alb_dashboard_tags}}",
                        "alias_name": "response_time.p99"
                    }
                ],
                "style": {
                    "palette": "cool",
                    "line_type": "solid",
                    "line_width": "normal"
                },
                "display_type": "line"
            },
            {
                "q": "avg:aws.applicationelb.target_response_time.average{${alb_dashboard_tags}}",
                "on_right_yaxis": false,
                "metadata": [
                    {
                        "expression": "avg:aws.applicationelb.target_response_time.average{${alb_dashboard_tags}}",
                        "alias_name": "response_time.average"
                    }
                ],
                "style": {
                    "palette": "cool",
                    "line_type": "solid",
                    "line_width": "normal"
                },
                "display_type": "line"
            }
        ],
        "yaxis": {
            "include_zero": true,
            "scale": "linear",
            "min": "auto",
            "max": "auto"
        }
    }
},
{
    "id" : 8${alb_x_odd},
    "layout": {
        "x": ${alb_x_odd},
        "y": ${alb_widget7_y},
        "width": ${alb_metrics_panel_width},
        "height": ${alb_metrics_panel_height}
      },
    "definition": {
        "title": "Latency - Max. Target Response Time",
        "title_size": "16",
        "title_align": "left",
        "show_legend": false,
        "legend_size": "0",
        "type": "timeseries",
        "requests": [
            {
                "q": "max:aws.applicationelb.target_response_time.maximum{${alb_dashboard_tags}}",
                "on_right_yaxis": false,
                "metadata": [
                    {
                        "expression": "max:aws.applicationelb.target_response_time.maximum{${alb_dashboard_tags}}",
                        "alias_name": "response_time.average"
                    }
                ],
                "style": {
                    "palette": "cool",
                    "line_type": "solid",
                    "line_width": "normal"
                },
                "display_type": "line"
            }
        ],
        "yaxis": {
            "include_zero": true,
            "scale": "linear",
            "min": "auto",
            "max": "auto"
        }
    }
},
{
    "id" : 9${alb_x_even},
    "layout": {
        "x": ${alb_x_even},
        "y": ${alb_widget8_y},
        "width": ${alb_metrics_panel_width},
        "height": ${alb_metrics_panel_height}
      },
    "definition": {
        "title": "Traffic - Request Count",
        "title_size": "16",
        "title_align": "left",
        "show_legend": false,
        "legend_size": "0",
        "type": "timeseries",
        "requests": [
            {
                "q": "sum:aws.applicationelb.request_count{${alb_dashboard_tags}}.as_count()",
                "on_right_yaxis": false,
                "style": {
                    "palette": "cool",
                    "line_type": "solid",
                    "line_width": "normal"
                },
                "display_type": "line"
            },
            {
                "q": "sum:aws.applicationelb.request_count_per_target{${alb_dashboard_tags}}.as_count()",
                "on_right_yaxis": false,
                "style": {
                    "palette": "cool",
                    "line_type": "solid",
                    "line_width": "normal"
                },
                "display_type": "line"
            }
        ],
        "yaxis": {
            "include_zero": true,
            "scale": "linear",
            "min": "auto",
            "max": "auto"
        }
    }
},
{
    "id" : 10${alb_x_odd},
    "layout": {
        "x": ${alb_x_odd},
        "y": ${alb_widget9_y},
        "width": ${alb_metrics_panel_width},
        "height": ${alb_metrics_panel_height}
      },
    "definition": {
        "title": "Traffic - Connection Count",
        "title_size": "16",
        "title_align": "left",
        "show_legend": false,
        "legend_size": "0",
        "type": "timeseries",
        "requests": [
            {
                "q": "sum:aws.applicationelb.new_connection_count{${alb_dashboard_tags}}.as_count()",
                "on_right_yaxis": false,
                "style": {
                    "palette": "cool",
                    "line_type": "solid",
                    "line_width": "normal"
                },
                "display_type": "line"
            },
            {
                "q": "sum:aws.applicationelb.active_connection_count{${alb_dashboard_tags}}.as_count()",
                "on_right_yaxis": false,
                "style": {
                    "palette": "cool",
                    "line_type": "solid",
                    "line_width": "normal"
                },
                "display_type": "line"
            }
        ],
        "yaxis": {
            "include_zero": true,
            "scale": "linear",
            "min": "auto",
            "max": "auto"
        }
    }
},
{
    "id" : 11${alb_x_even},
    "layout": {
        "x": ${alb_x_even},
        "y": ${alb_widget10_y},
        "width": ${alb_metrics_panel_width},
        "height": ${alb_metrics_panel_height}
      },
    "definition": {
        "title": "Error - ELB 4XX & 5XX",
        "title_size": "16",
        "title_align": "left",
        "show_legend": false,
        "legend_size": "0",
        "type": "timeseries",
        "requests": [
            {
                "q": "sum:aws.applicationelb.httpcode_elb_4xx{${alb_dashboard_tags}}.as_count()",
                "on_right_yaxis": false,
                "metadata": [
                    {
                        "expression": "sum:aws.applicationelb.httpcode_elb_4xx{${alb_dashboard_tags}}.as_count()",
                        "alias_name": "httpcode_4xx"
                    }
                ],
                "style": {
                    "palette": "warm",
                    "line_type": "solid",
                    "line_width": "normal"
                },
                "display_type": "line"
            },
            {
                "q": "sum:aws.applicationelb.httpcode_elb_5xx{${alb_dashboard_tags}}.as_count()",
                "on_right_yaxis": false,
                "metadata": [
                    {
                        "expression": "sum:aws.applicationelb.httpcode_elb_5xx{${alb_dashboard_tags}}.as_count()",
                        "alias_name": "httpcode_5xx"
                    }
                ],
                "style": {
                    "palette": "warm",
                    "line_type": "solid",
                    "line_width": "normal"
                },
                "display_type": "line"
            }
        ],
        "yaxis": {
            "include_zero": true,
            "scale": "linear",
            "min": "auto",
            "max": "auto"
        }
    }
},
{
    "id" : 12${alb_x_odd},
    "layout": {
        "x": ${alb_x_odd},
        "y": ${alb_widget11_y},
        "width": ${alb_metrics_panel_width},
        "height": ${alb_metrics_panel_height}
      },
    "definition": {
        "title": "Error - ELB 503",
        "title_size": "16",
        "title_align": "left",
        "show_legend": false,
        "legend_size": "0",
        "type": "timeseries",
        "requests": [
            {
                "q": "sum:aws.applicationelb.httpcode_elb_5_0_3{${alb_dashboard_tags}}.as_count()",
                "on_right_yaxis": false,
                "style": {
                    "palette": "warm",
                    "line_type": "solid",
                    "line_width": "normal"
                },
                "display_type": "line"
            }
        ],
        "yaxis": {
            "include_zero": true,
            "scale": "linear",
            "min": "auto",
            "max": "auto"
        }
    }
},
{
    "id" : 13${alb_x_even},
    "layout": {
        "x": ${alb_x_even},
        "y": ${alb_widget12_y},
        "width": ${alb_metrics_panel_width},
        "height": ${alb_metrics_panel_height}
      },
    "definition": {
        "title": "Success - Target Response 2XX & 3XX",
        "title_size": "16",
        "title_align": "left",
        "show_legend": false,
        "legend_size": "0",
        "type": "timeseries",
        "requests": [
            {
                "q": "avg:aws.applicationelb.httpcode_target_2xx{${alb_dashboard_tags}}.as_count()",
                "on_right_yaxis": false,
                "style": {
                    "palette": "cool",
                    "line_type": "solid",
                    "line_width": "normal"
                },
                "display_type": "line"
            },
            {
                "q": "avg:aws.applicationelb.httpcode_target_3xx{${alb_dashboard_tags}}.as_count()",
                "on_right_yaxis": false,
                "style": {
                    "palette": "warm",
                    "line_type": "solid",
                    "line_width": "normal"
                },
                "display_type": "line"
            }
        ],
        "yaxis": {
            "include_zero": true,
            "scale": "linear",
            "min": "auto",
            "max": "auto"
        }
    }
},
{
    "id" : 14${alb_x_odd},
    "layout": {
        "x": ${alb_x_odd},
        "y": ${alb_widget13_y},
        "width": ${alb_metrics_panel_width},
        "height": ${alb_metrics_panel_height}
      },
    "definition": {
        "title": "Error - Target Response 4XX & 5XX",
        "title_size": "16",
        "title_align": "left",
        "show_legend": false,
        "legend_size": "0",
        "type": "timeseries",
        "requests": [
            {
                "q": "sum:aws.applicationelb.httpcode_target_4xx{${alb_dashboard_tags}}.as_count()",
                "on_right_yaxis": false,
                "style": {
                    "palette": "warm",
                    "line_type": "solid",
                    "line_width": "normal"
                },
                "display_type": "line"
            },
            {
                "q": "sum:aws.applicationelb.httpcode_target_5xx{${alb_dashboard_tags}}.as_count()",
                "on_right_yaxis": false,
                "metadata": [
                    {
                        "expression": "sum:aws.applicationelb.httpcode_target_5xx{${alb_dashboard_tags}}.as_count()",
                        "alias_name": "httpcode_target_5xx"
                    }
                ],
                "style": {
                    "palette": "warm",
                    "line_type": "solid",
                    "line_width": "normal"
                },
                "display_type": "line"
            }
        ],
        "yaxis": {
            "include_zero": true,
            "scale": "linear",
            "min": "auto",
            "max": "auto"
        }
    }
},
{
    "id" : 15${alb_x_even},
    "layout": {
        "x": ${alb_x_even},
        "y": ${alb_widget14_y},
        "width": ${alb_metrics_panel_width},
        "height": ${alb_metrics_panel_height}
      },
    "definition": {
        "title": "Error - Client TLS Negotiation Error Count",
        "title_size": "13",
        "title_align": "left",
        "show_legend": false,
        "legend_size": "0",
        "type": "timeseries",
        "requests": [
            {
                "q": "sum:aws.applicationelb.client_tlsnegotiation_error_count{${alb_dashboard_tags}}.as_count()",
                "on_right_yaxis": false,
                "style": {
                    "palette": "warm",
                    "line_type": "solid",
                    "line_width": "normal"
                },
                "display_type": "line"
            }
        ],
        "yaxis": {
            "include_zero": true,
            "scale": "linear",
            "min": "auto",
            "max": "auto"
        }
    }
},
{
    "id" : 17${alb_x_odd},
    "layout": {
        "x": ${alb_x_odd},
        "y": ${alb_widget15_y},
        "width": ${alb_metrics_panel_width},
        "height": ${alb_metrics_panel_height}
      },
    "definition": {
        "title": "Error - Forwarded Invalid  Header Request Count",
        "title_size": "13",
        "title_align": "left",
        "show_legend": false,
        "legend_size": "0",
        "type": "timeseries",
        "requests": [
            {
                "q": "sum:aws.applicationelb.forwarded_invalid_header_request_count{${alb_dashboard_tags}}",
                "on_right_yaxis": false,
                "style": {
                    "palette": "warm",
                    "line_type": "solid",
                    "line_width": "normal"
                },
                "display_type": "line"
            }
        ],
        "yaxis": {
            "include_zero": true,
            "scale": "linear",
            "min": "auto",
            "max": "auto"
        }
    }
},
{
    "id" : 18${alb_x_even},
    "layout": {
        "x": ${alb_x_even},
        "y": ${alb_widget16_y},
        "width": ${alb_metrics_panel_width},
        "height": ${alb_metrics_panel_height}
      },
    "definition": {
        "title": "Error - Desync Mitigation Mode Non-compliant requests",
        "title_size": "13",
        "title_align": "left",
        "show_legend": false,
        "legend_size": "0",
        "type": "timeseries",
        "requests": [
            {
                "q": "sum:aws.applicationelb.desync_mitigation_mode_non_compliant_request{${alb_dashboard_tags}}.as_count()",
                "on_right_yaxis": false,
                "style": {
                    "palette": "warm",
                    "line_type": "solid",
                    "line_width": "normal"
                },
                "display_type": "line"
            }
        ],
        "yaxis": {
            "include_zero": true,
            "scale": "linear",
            "min": "auto",
            "max": "auto"
        }
    }
},
{
    "id" : 19${alb_x_odd},
    "layout": {
        "x": ${alb_x_odd},
        "y": ${alb_widget17_y},
        "width": ${alb_metrics_panel_width},
        "height": ${alb_metrics_panel_height}
      },
    "definition": {
        "title": "Saturation - Consumed LCUs",
        "title_size": "16",
        "title_align": "left",
        "show_legend": false,
        "legend_size": "0",
        "type": "timeseries",
        "requests": [
            {
                "q": "sum:aws.applicationelb.consumed_lcus{${alb_dashboard_tags}}",
                "on_right_yaxis": false,
                "metadata": [
                    {
                        "expression": "sum:aws.applicationelb.consumed_lcus{${alb_dashboard_tags}}",
                        "alias_name": "consumed_lcus"
                    }
                ],
                "style": {
                    "palette": "cool",
                    "line_type": "solid",
                    "line_width": "normal"
                },
                "display_type": "line"
            }
        ],
        "yaxis": {
            "include_zero": true,
            "scale": "linear",
            "min": "auto",
            "max": "auto"
        }
    }
}