{
    "id" : 1${external_lb_x},
    "layout": {
        "x": ${external_lb_x},
        "y": ${external_lb_y_axis_intial_value},
        "width": ${external_lb_resource_panel_width},
        "height": ${external_lb_resource_panel_height}
    },
    "definition": {
        "type": "note",
        "content": "${external_lb_dashboard_tags}",
        "background_color": "vivid_green",
        "font_size": "16",
        "text_align": "center",
        "show_tick": true,
        "tick_pos": "50%",
        "tick_edge": "bottom"
    }
},
{
    "id" : 2${external_lb_x},
    "layout": {
        "x": ${external_lb_x},
        "y": ${external_lb_widget1_y},
        "width": ${external_lb_metrics_panel_width},
        "height": ${external_lb_metrics_panel_height}
    },
    "definition": {
        "title": "Traffic - Request Count",
        "title_size": "16",
        "title_align": "left",
        "show_legend": false,
        "type": "timeseries",
        "requests": [
            {
                "q": "avg:gcp.loadbalancing.https.request_count{${external_lb_dashboard_tags}}",
                "on_right_yaxis": false,
                "style": {
                    "palette": "cool",
                    "line_type": "solid",
                    "line_width": "normal"
                },
                "display_type": "line"
            }
        ],
        "yaxis": {
            "include_zero": true,
            "scale": "linear",
            "label": "",
            "min": "auto",
            "max": "auto"
        },
        "markers": []
    }
},
{
    "id" : 3${external_lb_x},
    "layout": {
        "x": ${external_lb_x},
        "y": ${external_lb_widget2_y},
        "width": ${external_lb_metrics_panel_width},
        "height": ${external_lb_metrics_panel_height}
      },
    "definition": {
        "title": "Error - 4xx and 5xx",
        "title_size": "16",
        "title_align": "left",
        "show_legend": false,
        "legend_size": "0",
        "type": "timeseries",
        "requests": [
            {
                "q": "gcp.loadbalancing.https.request_count{${external_lb_dashboard_tags},response_code_class:400}.as_count()",
                "on_right_yaxis": false,
                "style": {
                    "palette": "warm",
                    "line_type": "solid",
                    "line_width": "normal"
                },
                "display_type": "line"
            },
            {
                "q": "gcp.loadbalancing.https.request_count{${external_lb_dashboard_tags},response_code_class:500}.as_count()",
                "on_right_yaxis": false,
                "metadata": [
                    {
                        "expression": "sum:aws.applicationelb.httpcode_target_5xx{${external_lb_dashboard_tags}}.as_count()",
                        "alias_name": "httpcode_target_5xx"
                    }
                ],
                "style": {
                    "palette": "warm",
                    "line_type": "solid",
                    "line_width": "normal"
                },
                "display_type": "line"
            }
        ],
        "yaxis": {
            "include_zero": true,
            "scale": "linear",
            "label": "",
            "min": "auto",
            "max": "auto"
        },
        "markers": []
    }
},
{
    "id" : 4${external_lb_x},
    "layout": {
        "x": ${external_lb_x},
        "y": ${external_lb_widget3_y},
        "width": ${external_lb_metrics_panel_width},
        "height": ${external_lb_metrics_panel_height}
      },
    "definition": {
        "title": "Success - 2xx and 3xx",
        "title_size": "16",
        "title_align": "left",
        "show_legend": false,
        "legend_size": "0",
        "type": "timeseries",
        "requests": [
            {
                "q": "gcp.loadbalancing.https.request_count{${external_lb_dashboard_tags},response_code_class:200}.as_count()",
                "on_right_yaxis": false,
                "style": {
                    "palette": "warm",
                    "line_type": "solid",
                    "line_width": "normal"
                },
                "display_type": "line"
            },
            {
                "q": "gcp.loadbalancing.https.request_count{${external_lb_dashboard_tags},response_code_class:300}.as_count()",
                "on_right_yaxis": false,
                "metadata": [
                    {
                        "expression": "sum:aws.applicationelb.httpcode_target_5xx{${external_lb_dashboard_tags}}.as_count()",
                        "alias_name": "httpcode_target_5xx"
                    }
                ],
                "style": {
                    "palette": "warm",
                    "line_type": "solid",
                    "line_width": "normal"
                },
                "display_type": "line"
            }
        ],
        "yaxis": {
            "include_zero": true,
            "scale": "linear",
            "label": "",
            "min": "auto",
            "max": "auto"
        },
        "markers": []
    }
},
{
    "id" : 5${external_lb_x},
    "layout": {
        "x": ${external_lb_x},
        "y": ${external_lb_widget4_y},
        "width": ${external_lb_metrics_panel_width},
        "height": ${external_lb_metrics_panel_height}
      },
    "definition": {
        "title": "Total Latency",
        "title_size": "16",
        "title_align": "left",
        "show_legend": false,
        "legend_size": "0",
        "type": "timeseries",
        "requests": [
            {
                "q": "avg:gcp.loadbalancing.https.total_latencies.avg{${external_lb_dashboard_tags}}",
                "on_right_yaxis": false,
                "metadata": [
                    {
                        "expression": "avg:gcp.loadbalancing.https.total_latencies.avg{${external_lb_dashboard_tags}}",
                        "alias_name": "Latency"
                    }
                ],
                "style": {
                    "palette": "cool",
                    "line_type": "solid",
                    "line_width": "normal"
                },
                "display_type": "line"
            }
        ],
        "yaxis": {
            "include_zero": true,
            "scale": "linear",
            "label": "",
            "min": "auto",
            "max": "auto"
        },
        "markers": []
    }
}