{
    "id" : 1${cloudfront_x},
    "layout": {
      "x": ${cloudfront_x},
      "y": ${cloudfront_y_axis_intial_value},
      "width": ${cloudfront_resource_panel_width},
      "height": ${cloudfront_resource_panel_height}
    },
    "definition": {
      "type": "note",
      "content": "${cloudfront_dashboard_tags}",
      "background_color": "vivid_green",
      "font_size": "16",
      "text_align": "center",
      "show_tick": true,
      "tick_pos": "50%",
      "tick_edge": "bottom"
    }
},
{
    "id" : 2${cloudfront_x},
    "layout": {
        "x": ${cloudfront_x},
        "y": ${cloudfront_widget1_y},
        "width": ${cloudfront_metrics_panel_width},
        "height": ${cloudfront_metrics_panel_height}
    },
    "definition": {
        "title": "Traffic (requests/sec)",
        "title_size": "16",
        "title_align": "left",
        "show_legend": false,
        "type": "timeseries",
        "requests": [
            {
                "q": "sum:aws.cloudfront.requests{${cloudfront_dashboard_tags}}.as_rate()",
                "on_right_yaxis": false,
                "style": {
                    "palette": "cool",
                    "line_type": "solid",
                    "line_width": "normal"
                },
                "display_type": "line"
            },
            {
                "q": "robust_trend(sum:aws.cloudfront.requests{${cloudfront_dashboard_tags}}.as_rate())",
                "on_right_yaxis": false,
                "style": {
                    "palette": "grey",
                    "line_type": "dotted",
                    "line_width": "thin"
                },
                "display_type": "line"
            }
        ],
        "yaxis": {
            "include_zero": true,
            "scale": "linear",
            "label": "",
            "min": "auto",
            "max": "auto"
        }
    }
},
{
    "id" : 3${cloudfront_x},
    "layout": {
        "x": ${cloudfront_x},
        "y": ${cloudfront_widget2_y},
        "width": ${cloudfront_metrics_panel_width},
        "height": ${cloudfront_metrics_panel_height}
    },
    "definition": {
        "title": "Error (rate)",
        "title_size": "16",
        "title_align": "left",
        "show_legend": false,
        "legend_size": "0",
        "type": "timeseries",
        "requests": [
            {
                "q": "avg:aws.cloudfront.4xx_error_rate{${cloudfront_dashboard_tags}}",
                "on_right_yaxis": false,
                "style": {
                    "palette": "cool",
                    "line_type": "solid",
                    "line_width": "normal"
                },
                "display_type": "line"
            },
            {
                "q": "avg:aws.cloudfront.5xx_error_rate{${cloudfront_dashboard_tags}}",
                "on_right_yaxis": false,
                "style": {
                    "palette": "cool",
                    "line_type": "solid",
                    "line_width": "normal"
                },
                "display_type": "line"
            },
            {
                "q": "avg:aws.cloudfront.total_error_rate{${cloudfront_dashboard_tags}}",
                "on_right_yaxis": false,
                "style": {
                    "palette": "cool",
                    "line_type": "solid",
                    "line_width": "normal"
                },
                "display_type": "line"
            },
            {
                "q": "robust_trend(avg:aws.cloudfront.total_error_rate{${cloudfront_dashboard_tags}})",
                "on_right_yaxis": false,
                "style": {
                    "palette": "grey",
                    "line_type": "dotted",
                    "line_width": "thin"
                },
                "display_type": "line"
            }
        ],
        "yaxis": {
            "include_zero": true,
            "scale": "linear",
            "label": "",
            "min": "auto",
            "max": "auto"
        }
    }
},
{
    "id" : 4${cloudfront_x},
    "layout": {
        "x": ${cloudfront_x},
        "y": ${cloudfront_widget3_y},
        "width": ${cloudfront_metrics_panel_width},
        "height": ${cloudfront_metrics_panel_height}
    },
    "definition": {
        "title": "Bytes (rate)",
        "title_size": "16",
        "title_align": "left",
        "show_legend": false,
        "legend_size": "0",
        "type": "timeseries",
        "requests": [
            {
                "q": "sum:aws.cloudfront.bytes_uploaded{${cloudfront_dashboard_tags}}.as_rate()",
                "on_right_yaxis": false,
                "style": {
                    "palette": "cool",
                    "line_type": "solid",
                    "line_width": "normal"
                },
                "display_type": "line"
            },
            {
                "q": "sum:aws.cloudfront.bytes_downloaded{${cloudfront_dashboard_tags}}.as_rate()",
                "on_right_yaxis": false,
                "style": {
                    "palette": "cool",
                    "line_type": "solid",
                    "line_width": "normal"
                },
                "display_type": "line"
            },
            {
                "q": "robust_trend(sum:aws.cloudfront.bytes_uploaded{${cloudfront_dashboard_tags}}.as_rate())",
                "on_right_yaxis": false,
                "style": {
                    "palette": "grey",
                    "line_type": "dotted",
                    "line_width": "thin"
                },
                "display_type": "line"
            },
            {
                "q": "robust_trend(sum:aws.cloudfront.bytes_downloaded{${cloudfront_dashboard_tags}}.as_rate())",
                "on_right_yaxis": false,
                "style": {
                    "palette": "grey",
                    "line_type": "dotted",
                    "line_width": "thin"
                },
                "display_type": "line"
            }
        ],
        "yaxis": {
            "include_zero": true,
            "scale": "linear",
            "label": "",
            "min": "auto",
            "max": "auto"
        }
    }
}