{
  "id" : 1${kinesis_x},
  "layout": {
    "x": ${kinesis_x},
    "y": ${kinesis_y_axis_intial_value},
    "width": ${kinesis_resource_panel_width},
    "height": ${kinesis_resource_panel_height}
  },
  "definition": {
    "type": "note",
    "content": "${kinesis_dashboard_tags}",
    "background_color": "vivid_green",
    "font_size": "16",
    "text_align": "center",
    "show_tick": true,
    "tick_pos": "50%",
    "tick_edge": "left"
  }
},
{
  "id" : 2${kinesis_x},
  "layout": {
    "x": ${kinesis_x},
    "y": ${kinesis_widget1_y},
    "width": ${kinesis_metrics_panel_width},
    "height": ${kinesis_metrics_panel_height}
  },
  "definition": {
    "title": "Latency (s)",
    "title_size": "16",
    "title_align": "left",
    "show_legend": false,
    "legend_size": "0",
    "type": "timeseries",
    "requests": [
      {
        "q": "max:aws.kinesis.put_records_latency.maximum{${kinesis_dashboard_tags}}, max:aws.kinesis.put_record_latency.maximum{${kinesis_dashboard_tags}}, max:aws.kinesis.get_records_latency.maximum{${kinesis_dashboard_tags}}, max:aws.kinesis.put_record_latency.maximum{${kinesis_dashboard_tags}}+max:aws.kinesis.get_records_latency.maximum{${kinesis_dashboard_tags}}",
        "on_right_yaxis": false,
        "metadata": [
          {
            "expression": "max:aws.kinesis.put_records_latency.maximum{${kinesis_dashboard_tags}}",
            "alias_name": "Put Records Latency"
          },
          {
            "expression": "max:aws.kinesis.put_record_latency.maximum{${kinesis_dashboard_tags}}",
            "alias_name": "Put Record Latency"
          },
          {
            "expression": "max:aws.kinesis.get_records_latency.maximum{${kinesis_dashboard_tags}}",
            "alias_name": "Get Records Latency"
          },
          {
            "expression": "max:aws.kinesis.put_record_latency.maximum{${kinesis_dashboard_tags}}+max:aws.kinesis.get_records_latency.maximum{${kinesis_dashboard_tags}}",
            "alias_name": "Total Latency"
          }
        ],
        "style": {
          "palette": "cool",
          "line_type": "solid",
          "line_width": "normal"
        },
        "display_type": "line"
      }
    ],
    "yaxis": {
      "scale": "linear",
      "label": "",
      "include_zero": true,
      "min": "auto",
      "max": "auto"
    },
    "custom_links": []
  }
},
{
  "id" : 3${kinesis_x},
  "layout": {
    "x": ${kinesis_x},
    "y": ${kinesis_widget2_y},
    "width": ${kinesis_metrics_panel_width},
    "height": ${kinesis_metrics_panel_height}
  },
  "definition": {
    "title": "Traffic (records/s)",
    "title_size": "16",
    "title_align": "left",
    "show_legend": false,
    "legend_size": "0",
    "type": "timeseries",
    "requests": [
      {
        "q": "sum:aws.kinesis.incoming_records{${kinesis_dashboard_tags}}.as_rate()",
        "on_right_yaxis": false,
        "metadata": [
          {
            "expression": "sum:aws.kinesis.incoming_records{${kinesis_dashboard_tags}}.as_rate()",
            "alias_name": "Incoming records rate"
          }
        ],
        "style": {
          "palette": "cool",
          "line_type": "solid",
          "line_width": "normal"
        },
        "display_type": "line"
      },
      {
        "q": "sum:aws.kinesis.get_records_records.sum{${kinesis_dashboard_tags}}.as_rate()",
        "on_right_yaxis": false,
        "metadata": [
          {
            "expression": "sum:aws.kinesis.get_records_records.sum{${kinesis_dashboard_tags}}.as_rate()",
            "alias_name": "Get records rate"
          }
        ],
        "style": {
          "palette": "cool",
          "line_type": "solid",
          "line_width": "normal"
        },
        "display_type": "line"
      }
    ],
    "yaxis": {
      "scale": "linear",
      "label": "",
      "include_zero": true,
      "min": "auto",
      "max": "auto"
    },
    "custom_links": []
  }
},
{
  "id" : 4${kinesis_x},
  "layout": {
    "x": ${kinesis_x},
    "y": ${kinesis_widget3_y},
    "width": ${kinesis_metrics_panel_width},
    "height": ${kinesis_metrics_panel_height}
  },
  "definition": {
    "title": "Saturation (read & write throttles)",
    "title_size": "16",
    "title_align": "left",
    "show_legend": false,
    "legend_size": "0",
    "type": "timeseries",
    "requests": [
      {
        "q": "min:aws.kinesis.write_provisioned_throughput_exceeded.minimum{${kinesis_dashboard_tags}}.as_count()",
        "metadata": [
          {
            "expression": "min:aws.kinesis.write_provisioned_throughput_exceeded.minimum{${kinesis_dashboard_tags}}.as_count()",
            "alias_name": "Write provisioned throughput"
          }
        ],
        "style": {
          "palette": "dog_classic",
          "line_type": "solid",
          "line_width": "normal"
        },
        "display_type": "line"
      },
      {
        "q": "min:aws.kinesis.read_provisioned_throughput_exceeded.minimum{${kinesis_dashboard_tags}}.as_count()",
        "metadata": [
          {
            "expression": "min:aws.kinesis.read_provisioned_throughput_exceeded.minimum{${kinesis_dashboard_tags}}.as_count()",
            "alias_name": "Read provisioned throughput"
          }
        ],
        "style": {
          "palette": "dog_classic",
          "line_type": "solid",
          "line_width": "normal"
        },
        "display_type": "line"
      }
    ],
    "yaxis": {
      "min": "0",
      "max": "1"
    },
    "markers": [
      {
        "label": " All records throttled ",
        "value": "y > 0.99",
        "display_type": "error dashed"
      }
    ],
    "custom_links": []
  }
}