{
  "id" : 1${sqs_x},
  "layout": {
    "x": ${sqs_x},
    "y": ${sqs_y_axis_intial_value},
    "width": ${sqs_resource_panel_width},
    "height": ${sqs_resource_panel_height}
  },
  "definition": {
    "type": "note",
    "content": "${sqs_dashboard_tags}",
    "background_color": "vivid_green",
    "font_size": "16",
    "text_align": "center",
    "show_tick": true,
    "tick_pos": "50%",
    "tick_edge": "bottom"
  }
},
{
  "id" : 2${sqs_x},
  "layout": {
    "x": ${sqs_x},
    "y": ${sqs_widget1_y},
    "width": ${sqs_metrics_panel_width},
    "height": ${sqs_metrics_panel_height}
  },
  "definition": {
    "title": "Latency",
    "title_size": "16",
    "title_align": "left",
    "show_legend": false,
    "legend_size": "0",
    "legend_layout": "vertical",
    "legend_columns": [
      "avg",
      "min",
      "max",
      "value",
      "sum"
    ],
    "type": "timeseries",
    "requests": [
      {
        "q": "avg:aws.sqs.approximate_age_of_oldest_message{${sqs_dashboard_tags}}",
        "on_right_yaxis": false,
        "metadata": [
          {
            "expression": "avg:aws.sqs.approximate_age_of_oldest_message{${sqs_dashboard_tags}}",
            "alias_name": "Oldest message age"
          }
        ],
        "style": {
          "palette": "cool",
          "line_type": "solid",
          "line_width": "normal"
        },
        "display_type": "line"
      }
    ],
    "yaxis": {
      "scale": "linear",
      "label": "",
      "include_zero": true,
      "min": "auto",
      "max": "auto"
    },
    "markers": [
      {
        "label": " C3 Latency ",
        "value": "y > 300",
        "display_type": "error dashed"
      }
    ]
  }
},
{
  "id" : 3${sqs_x},
  "layout": {
    "x": ${sqs_x},
    "y": ${sqs_widget2_y},
    "width": ${sqs_metrics_panel_width},
    "height": ${sqs_metrics_panel_height}
  },
  "definition": {
    "title": "Traffic (messages sent/s)",
    "title_size": "16",
    "title_align": "left",
    "show_legend": false,
    "legend_size": "0",
    "legend_layout": "vertical",
    "legend_columns": [
      "avg",
      "min",
      "max",
      "value",
      "sum"
    ],
    "type": "timeseries",
    "requests": [
      {
        "q": "sum:aws.sqs.number_of_messages_sent{${sqs_dashboard_tags}}.as_rate()",
        "on_right_yaxis": false,
        "metadata": [
          {
            "expression": "sum:aws.sqs.number_of_messages_sent{${sqs_dashboard_tags}}.as_rate()",
            "alias_name": "Messages sent rate"
          }
        ],
        "style": {
          "palette": "cool",
          "line_type": "solid",
          "line_width": "normal"
        },
        "display_type": "line"
      }
    ],
    "yaxis": {
      "scale": "linear",
      "label": "",
      "include_zero": true,
      "min": "auto",
      "max": "auto"
    },
    "markers": []
  }
},
{
  "id" : 4${sqs_x},
  "layout": {
    "x": ${sqs_x},
    "y": ${sqs_widget3_y},
    "width": ${sqs_metrics_panel_width},
    "height": ${sqs_metrics_panel_height}
  },
  "definition": {
    "title": "Saturation (visible messages)",
    "title_size": "16",
    "title_align": "left",
    "show_legend": false,
    "legend_size": "0",
    "legend_layout": "vertical",
    "legend_columns": [
      "avg",
      "min",
      "max",
      "value",
      "sum"
    ],
    "type": "timeseries",
    "requests": [
      {
        "q": "sum:aws.sqs.approximate_number_of_messages_visible{${sqs_dashboard_tags}}",
        "on_right_yaxis": false,
        "style": {
          "palette": "cool",
          "line_type": "solid",
          "line_width": "normal"
        },
        "display_type": "line"
      }
    ],
    "yaxis": {
      "scale": "linear",
      "label": "",
      "include_zero": true,
      "min": "auto",
      "max": "auto"
    },
    "markers": []
  }
}