{
    "id" : 1${EB_x},
    "layout": {
        "x": ${EB_x},
        "y": ${EB_y_axis_intial_value},
        "width": ${EB_resource_panel_width},
        "height": ${EB_resource_panel_height}
      },
    "definition": {
        "type": "note",
        "content": "${elasticbeanstalk_dashboard_tags}",
        "background_color": "vivid_green",
        "font_size": "16",
        "text_align": "center",
        "show_tick": true,
        "tick_pos": "50%",
        "tick_edge": "bottom"
    }
},
{
    "id" : 2${EB_x},
    "layout": {
        "x": ${EB_x},
        "y": ${EB_widget1_y},
        "width": ${EB_metrics_panel_width},
        "height": ${EB_metrics_panel_height}
      },
    "definition": {
        "title": "Health",
        "title_size": "16",
        "title_align": "left",
        "show_legend": false,
        "type": "timeseries",
        "requests": [
            {
                "q": "avg:aws.elasticbeanstalk.instance_health{${elasticbeanstalk_dashboard_tags}} by {environmentname}",
                "on_right_yaxis": false,
                "metadata": [
                    {
                        "expression": "avg:aws.elasticbeanstalk.instance_health{${elasticbeanstalk_dashboard_tags}} by {environmentname}",
                        "alias_name": "Instance Health"
                    }
                ],
                "style": {
                    "palette": "cool",
                    "line_type": "solid",
                    "line_width": "normal"
                },
                "display_type": "line"
            },
            {
                "q": "avg:aws.elasticbeanstalk.environment_health{${elasticbeanstalk_dashboard_tags}} by {environmentname}",
                "on_right_yaxis": false,
                "metadata": [
                    {
                        "expression": "avg:aws.elasticbeanstalk.environment_health{${elasticbeanstalk_dashboard_tags}} by {environmentname}",
                        "alias_name": "Environment Health"
                    }
                ],
                "style": {
                    "palette": "cool",
                    "line_type": "solid",
                    "line_width": "normal"
                },
                "display_type": "line"
            }
        ],
        "yaxis": {
            "include_zero": false,
            "min": "0"
        }
    }
},
{
    "id" : 3${EB_x},
    "layout": {
        "x": ${EB_x},
        "y": ${EB_widget2_y},
        "width": ${EB_metrics_panel_width},
        "height": ${EB_metrics_panel_height}
      },
    "definition": {
        "title": "ERROR - 5xx",
        "title_size": "16",
        "title_align": "left",
        "show_legend": false,
        "type": "timeseries",
        "requests": [
            {
                "q": "avg:aws.elasticbeanstalk.application_requests_5xx{${elasticbeanstalk_dashboard_tags}} by {environmentname}.as_rate(), avg:aws.elasticbeanstalk.application_requests_total{${elasticbeanstalk_dashboard_tags}} by {environmentname}.as_rate(), (avg:aws.elasticbeanstalk.application_requests_5xx{${elasticbeanstalk_dashboard_tags}} by {environmentname}.as_rate() / avg:aws.elasticbeanstalk.application_requests_total{${elasticbeanstalk_dashboard_tags}} by {environmentname}.as_rate()) * 100",
                "on_right_yaxis": false,
                "metadata": [
                    {
                        "expression": "avg:aws.elasticbeanstalk.application_requests_5xx{${elasticbeanstalk_dashboard_tags}} by {environmentname}.as_rate()",
                        "alias_name": "No.of 5xx Errors"
                    },
                    {
                        "expression": "avg:aws.elasticbeanstalk.application_requests_total{${elasticbeanstalk_dashboard_tags}} by {environmentname}.as_rate()",
                        "alias_name": "Totol Errors"
                    },
                    {
                        "expression": "(avg:aws.elasticbeanstalk.application_requests_5xx{${elasticbeanstalk_dashboard_tags}} by {environmentname}.as_rate() / avg:aws.elasticbeanstalk.application_requests_total{${elasticbeanstalk_dashboard_tags}} by {environmentname}.as_rate()) * 100",
                        "alias_name": "5xx Error Rate"
                    }
                ],
                "style": {
                    "palette": "cool",
                    "line_type": "solid",
                    "line_width": "normal"
                },
                "display_type": "line"
            }
        ],
        "yaxis": {
            "include_zero": false
        },
        "markers": [
            {
                "label": " Base Line ERRORS 3 ",
                "value": "y = 3",
                "display_type": "error dashed"
            }
        ]
    }
},
{
    "id" : 4${EB_x},
    "layout": {
        "x": ${EB_x},
        "y": ${EB_widget3_y},
        "width": ${EB_metrics_panel_width},
        "height": ${EB_metrics_panel_height}
      },
    "definition": {
        "title": "ERROR - 4xx",
        "title_size": "16",
        "title_align": "left",
        "show_legend": false,
        "type": "timeseries",
        "requests": [
            {
                "q": "avg:aws.elasticbeanstalk.application_requests_4xx{${elasticbeanstalk_dashboard_tags}} by {environmentname}.as_rate(), avg:aws.elasticbeanstalk.application_requests_total{${elasticbeanstalk_dashboard_tags}} by {environmentname}.as_rate(), (avg:aws.elasticbeanstalk.application_requests_4xx{${elasticbeanstalk_dashboard_tags}} by {environmentname}.as_rate() / avg:aws.elasticbeanstalk.application_requests_total{${elasticbeanstalk_dashboard_tags}} by {environmentname}.as_rate()) * 100",
                "on_right_yaxis": false,
                "metadata": [
                    {
                        "expression": "avg:aws.elasticbeanstalk.application_requests_4xx{${elasticbeanstalk_dashboard_tags}} by {environmentname}.as_rate()",
                        "alias_name": "No.of 4xx Errors"
                    },
                    {
                        "expression": "avg:aws.elasticbeanstalk.application_requests_total{${elasticbeanstalk_dashboard_tags}} by {environmentname}.as_rate()",
                        "alias_name": "Totol Errors"
                    },
                    {
                        "expression": "(avg:aws.elasticbeanstalk.application_requests_4xx{${elasticbeanstalk_dashboard_tags}} by {environmentname}.as_rate() / avg:aws.elasticbeanstalk.application_requests_total{${elasticbeanstalk_dashboard_tags}} by {environmentname}.as_rate()) * 100",
                        "alias_name": "4xx Error Rate"
                    }
                ],
                "style": {
                    "palette": "cool",
                    "line_type": "solid",
                    "line_width": "normal"
                },
                "display_type": "line"
            }
        ],
        "yaxis": {
            "include_zero": false
        },
        "markers": [
            {
                "label": " Base Line ERRORS 3 ",
                "value": "y = 3",
                "display_type": "error dashed"
            }
        ]
    }
},
{
    "id" : 5${EB_x},
    "layout": {
        "x": ${EB_x},
        "y": ${EB_widget4_y},
        "width": ${EB_metrics_panel_width},
        "height": ${EB_metrics_panel_height}
      },
    "definition": {
        "title": "ERROR - 3xx",
        "title_size": "16",
        "title_align": "left",
        "show_legend": false,
        "type": "timeseries",
        "requests": [
            {
                "q": "avg:aws.elasticbeanstalk.application_requests_3xx{${elasticbeanstalk_dashboard_tags}} by {environmentname}.as_rate(), avg:aws.elasticbeanstalk.application_requests_total{${elasticbeanstalk_dashboard_tags}} by {environmentname}.as_rate(), (avg:aws.elasticbeanstalk.application_requests_3xx{${elasticbeanstalk_dashboard_tags}} by {environmentname}.as_rate() / avg:aws.elasticbeanstalk.application_requests_total{${elasticbeanstalk_dashboard_tags}} by {environmentname}.as_rate()) * 100",
                "on_right_yaxis": false,
                "metadata": [
                    {
                        "expression": "avg:aws.elasticbeanstalk.application_requests_3xx{${elasticbeanstalk_dashboard_tags}} by {environmentname}.as_rate()",
                        "alias_name": "No.of 3xx Errors"
                    },
                    {
                        "expression": "avg:aws.elasticbeanstalk.application_requests_total{${elasticbeanstalk_dashboard_tags}} by {environmentname}.as_rate()",
                        "alias_name": "Totol Errors"
                    },
                    {
                        "expression": "(avg:aws.elasticbeanstalk.application_requests_3xx{${elasticbeanstalk_dashboard_tags}} by {environmentname}.as_rate() / avg:aws.elasticbeanstalk.application_requests_total{${elasticbeanstalk_dashboard_tags}} by {environmentname}.as_rate()) * 100",
                        "alias_name": "3xx Error Rate"
                    }
                ],
                "style": {
                    "palette": "cool",
                    "line_type": "solid",
                    "line_width": "normal"
                },
                "display_type": "line"
            }
        ],
        "yaxis": {
            "include_zero": false
        },
        "markers": [
            {
                "label": " Base Line ERRORS 3 ",
                "value": "y = 3",
                "display_type": "error dashed"
            }
        ]
    }
},
{
    "id" : 6${EB_x},
    "layout": {
        "x": ${EB_x},
        "y": ${EB_widget5_y},
        "width": ${EB_metrics_panel_width},
        "height": ${EB_metrics_panel_height}
      },
    "definition": {
        "title": "ERROR - 2xx",
        "title_size": "16",
        "title_align": "left",
        "show_legend": false,
        "type": "timeseries",
        "requests": [
            {
                "q": "avg:aws.elasticbeanstalk.application_requests_2xx{${elasticbeanstalk_dashboard_tags}} by {environmentname}.as_rate(), avg:aws.elasticbeanstalk.application_requests_total{${elasticbeanstalk_dashboard_tags}} by {environmentname}.as_rate(), (avg:aws.elasticbeanstalk.application_requests_2xx{${elasticbeanstalk_dashboard_tags}} by {environmentname}.as_rate() / avg:aws.elasticbeanstalk.application_requests_total{${elasticbeanstalk_dashboard_tags}} by {environmentname}.as_rate()) * 100",
                "on_right_yaxis": false,
                "metadata": [
                    {
                        "expression": "avg:aws.elasticbeanstalk.application_requests_2xx{${elasticbeanstalk_dashboard_tags}} by {environmentname}.as_rate()",
                        "alias_name": "No.of 2xx Errors"
                    },
                    {
                        "expression": "avg:aws.elasticbeanstalk.application_requests_total{${elasticbeanstalk_dashboard_tags}} by {environmentname}.as_rate()",
                        "alias_name": "Total Errors"
                    },
                    {
                        "expression": "(avg:aws.elasticbeanstalk.application_requests_2xx{${elasticbeanstalk_dashboard_tags}} by {environmentname}.as_rate() / avg:aws.elasticbeanstalk.application_requests_total{${elasticbeanstalk_dashboard_tags}} by {environmentname}.as_rate()) * 100",
                        "alias_name": "2xx Error Rate"
                    }
                ],
                "style": {
                    "palette": "cool",
                    "line_type": "solid",
                    "line_width": "normal"
                },
                "display_type": "line"
            }
        ],
        "yaxis": {
            "include_zero": false
        },
        "markers": [
            {
                "label": " Base Line ERRORS 3 ",
                "value": "y = 3",
                "display_type": "error dashed"
            }
        ]
    }
}
