{
    "id" : 1${elasticache_x},
    "layout": {
        "x": ${elasticache_x},
        "y": ${elasticache_y_axis_intial_value},
        "width": ${elasticache_resource_panel_width},
        "height": ${elasticache_resource_panel_height}
    },
    "definition": {
        "type": "note",
        "content": "${elasticache_dashboard_tags}",
        "background_color": "vivid_green",
        "font_size": "16",
        "text_align": "center",
        "show_tick": true,
        "tick_pos": "50%",
        "tick_edge": "bottom"
    }
},
{
    "id" : 2${elasticache_x},
    "layout": {
        "x": ${elasticache_x},
        "y": ${elasticache_widget1_y},
        "width": ${elasticache_metrics_panel_width},
        "height": ${elasticache_metrics_panel_height}
    },
    "definition": {
        "title": "Memory Usage",
        "title_size": "16",
        "title_align": "left",
        "show_legend": false,
        "type": "timeseries",
        "requests": [
            {
                "q": "avg:aws.elasticache.database_memory_usage_percentage{${elasticache_dashboard_tags}}",
                "on_right_yaxis": false,
                "style": {
                    "palette": "cool",
                    "line_type": "solid",
                    "line_width": "normal"
                },
                "display_type": "line"
            }
        ],
        "yaxis": {
            "include_zero": true,
            "scale": "linear",
            "label": "",
            "min": "auto",
            "max": "auto"
        },
        "markers": []
    }
},
{
    "id" : 3${elasticache_x},
    "layout": {
        "x": ${elasticache_x},
        "y": ${elasticache_widget2_y},
        "width": ${elasticache_metrics_panel_width},
        "height": ${elasticache_metrics_panel_height}
      },
    "definition": {
        "title": "Freeable Memory",
        "title_size": "16",
        "title_align": "left",
        "show_legend": false,
        "legend_size": "0",
        "type": "timeseries",
        "requests": [
            {
                "q": "avg:aws.elasticache.freeable_memory{${elasticache_dashboard_tags}}/1000000000",
                "on_right_yaxis": false,
                "style": {
                    "palette": "cool",
                    "line_type": "solid",
                    "line_width": "normal"
                },
                "display_type": "line"
            }
        ],
        "yaxis": {
            "include_zero": true,
            "scale": "linear",
            "label": "",
            "min": "auto",
            "max": "auto"
        },
        "markers": []
    }
},
{
    "id" : 4${elasticache_x},
    "layout": {
        "x": ${elasticache_x},
        "y": ${elasticache_widget3_y},
        "width": ${elasticache_metrics_panel_width},
        "height": ${elasticache_metrics_panel_height}
      },
    "definition": {
        "title": "Traffic (cache hit & miss / s)",
        "title_size": "16",
        "title_align": "left",
        "show_legend": false,
        "legend_size": "0",
        "type": "timeseries",
        "requests": [
            {
                "q": "sum:aws.elasticache.cache_hits{${elasticache_dashboard_tags}}.as_count()",
                "on_right_yaxis": false,
                "metadata": [
                    {
                        "expression": "sum:aws.elasticache.cache_hits{${elasticache_dashboard_tags}}.as_count()",
                        "alias_name": "Cache Hit rate"
                    }
                ],
                "style": {
                    "palette": "cool",
                    "line_type": "solid",
                    "line_width": "normal"
                },
                "display_type": "line"
            },
            {
                "q": "sum:aws.elasticache.cache_misses{${elasticache_dashboard_tags}}.as_count()",
                "on_right_yaxis": false,
                "metadata": [
                    {
                        "expression": "sum:aws.elasticache.cache_misses{${elasticache_dashboard_tags}}.as_count()",
                        "alias_name": "Cache miss rate"
                    }
                ],
                "style": {
                    "palette": "cool",
                    "line_type": "solid",
                    "line_width": "normal"
                },
                "display_type": "line"
            }
        ],
        "yaxis": {
            "include_zero": true,
            "scale": "linear",
            "label": "",
            "min": "auto",
            "max": "auto"
        },
        "markers": []
    }
},
{
    "id" : 5${elasticache_x},
    "layout": {
        "x": ${elasticache_x},
        "y": ${elasticache_widget4_y},
        "width": ${elasticache_metrics_panel_width},
        "height": ${elasticache_metrics_panel_height}
      },
    "definition": {
        "title": "Saturation - CPU Utilization (%)",
        "title_size": "16",
        "title_align": "left",
        "show_legend": false,
        "legend_size": "0",
        "type": "timeseries",
        "requests": [
            {
                "q": "max:aws.elasticache.cpuutilization{${elasticache_dashboard_tags}}",
                "on_right_yaxis": false,
                "metadata": [
                    {
                        "expression": "max:aws.elasticache.cpuutilization{${elasticache_dashboard_tags}}",
                        "alias_name": "CPU Utilization"
                    }
                ],
                "style": {
                    "palette": "cool",
                    "line_type": "solid",
                    "line_width": "normal"
                },
                "display_type": "line"
            }
        ],
        "yaxis": {
            "include_zero": true,
            "scale": "linear",
            "label": "",
            "min": "auto",
            "max": "auto"
        },
        "markers": []
    }
},
{
    "id" : 6${elasticache_x},
    "layout": {
        "x": ${elasticache_x},
        "y": ${elasticache_widget5_y},
        "width": ${elasticache_metrics_panel_width},
        "height": ${elasticache_metrics_panel_height}
      },
    "definition": {
        "title": "Saturation - Swap Usage (bytes)",
        "title_size": "16",
        "title_align": "left",
        "show_legend": false,
        "legend_size": "0",
        "type": "timeseries",
        "requests": [
            {
                "q": "sum:aws.elasticache.swap_usage{${elasticache_dashboard_tags}}",
                "on_right_yaxis": false,
                "metadata": [
                    {
                        "expression": "sum:aws.elasticache.swap_usage{${elasticache_dashboard_tags}}",
                        "alias_name": "SWAP Usage"
                    }
                ],
                "style": {
                    "palette": "cool",
                    "line_type": "solid",
                    "line_width": "normal"
                },
                "display_type": "line"
            }
        ],
        "yaxis": {
            "include_zero": true,
            "scale": "linear",
            "label": "",
            "min": "auto",
            "max": "auto"
        },
        "markers": []
    }
},
{
    "id" : 7${elasticache_x},
    "layout": {
        "x": ${elasticache_x},
        "y": ${elasticache_widget6_y},
        "width": ${elasticache_metrics_panel_width},
        "height": ${elasticache_metrics_panel_height}
      },
    "definition": {
        "title": "Saturation - Evictions (count/s)",
        "title_size": "16",
        "title_align": "left",
        "show_legend": false,
        "legend_size": "0",
        "type": "timeseries",
        "requests": [
            {
                "q": "sum:aws.elasticache.evictions{${elasticache_dashboard_tags}}.as_rate()",
                "on_right_yaxis": false,
                "metadata": [
                    {
                        "expression": "sum:aws.elasticache.evictions{${elasticache_dashboard_tags}}.as_rate()",
                        "alias_name": "Evictions"
                    }
                ],
                "style": {
                    "palette": "cool",
                    "line_type": "solid",
                    "line_width": "normal"
                },
                "display_type": "line"
            }
        ],
        "yaxis": {
            "include_zero": true,
            "scale": "linear",
            "label": "",
            "min": "auto",
            "max": "auto"
        },
        "markers": []
    }
},
{
    "id" : 8${elasticache_x},
    "layout": {
        "x": ${elasticache_x},
        "y": ${elasticache_widget7_y},
        "width": ${elasticache_metrics_panel_width},
        "height": ${elasticache_metrics_panel_height}
      },
    "definition": {
        "title": "Saturation - Connections (count)",
        "title_size": "16",
        "title_align": "left",
        "show_legend": false,
        "legend_size": "0",
        "type": "timeseries",
        "requests": [
            {
                "q": "sum:aws.elasticache.curr_connections{${elasticache_dashboard_tags}}",
                "on_right_yaxis": false,
                "metadata": [
                    {
                        "expression": "sum:aws.elasticache.curr_connections{${elasticache_dashboard_tags}}",
                        "alias_name": "Current Connections "
                    }
                ],
                "style": {
                    "palette": "cool",
                    "line_type": "solid",
                    "line_width": "normal"
                },
                "display_type": "line"
            }
        ],
        "yaxis": {
            "include_zero": true,
            "scale": "linear",
            "label": "",
            "min": "auto",
            "max": "auto"
        },
        "markers": []
    }
},
{
    "id" : 9${elasticache_x},
    "layout": {
        "x": ${elasticache_x},
        "y": ${elasticache_widget8_y},
        "width": ${elasticache_metrics_panel_width},
        "height": ${elasticache_metrics_panel_height}
      },
    "definition": {
        "title": "Saturation - Set Type Cmds",
        "title_size": "16",
        "title_align": "left",
        "show_legend": false,
        "legend_size": "0",
        "type": "timeseries",
        "requests": [
            {
                "q": "sum:aws.elasticache.set_type_cmds{${elasticache_dashboard_tags}}.as_count()",
                "on_right_yaxis": false,
                "metadata": [
                    {
                        "expression": "sum:aws.elasticache.set_type_cmds{${elasticache_dashboard_tags}}.as_count()",
                        "alias_name": "Set Type Cmds"
                    }
                ],
                "style": {
                    "palette": "cool",
                    "line_type": "solid",
                    "line_width": "normal"
                },
                "display_type": "line"
            }
        ],
        "yaxis": {
            "include_zero": true,
            "scale": "linear",
            "label": "",
            "min": "auto",
            "max": "auto"
        },
        "markers": []
    }
}