{
   "id" : 1,
   "layout": {
       "x": 0,
       "y": 0,
       "width": 47,
       "height": 32
     },
   "definition": {
       "title": "Import Errors",
       "title_size": "16",
       "title_align": "left",
       "show_legend": false,
       "type": "timeseries",
       "requests": [
           {
               "q": "avg:aws.mwaa.import_errors{${airflow_dashboard_tags}}",
               "on_right_yaxis": false,
               "metadata": [
                   {
                       "expression": "avg:aws.mwaa.import_errors{${airflow_dashboard_tags}}",
                       "alias_name": "import_errors.average"
                   }
               ],
               "style": {
                   "palette": "dog_classic",
                   "line_type": "solid",
                   "line_width": "normal"
               },
               "display_type": "line"
           }
       ]
   }
},
{
   "id" : 2,
   "layout": {
       "x": 49,
       "y": 0,
       "width": 47,
       "height": 32
     },
   "definition": {
       "title": "Task Instance Failures",
       "title_size": "16",
       "title_align": "left",
       "show_legend": false,
       "type": "timeseries",
       "requests": [
           {
               "q": "avg:aws.mwaa.task_instance_failures{${airflow_dashboard_tags}}",
               "on_right_yaxis": false,
               "metadata": [
                   {
                       "expression": "avg:aws.mwaa.task_instance_failures{${airflow_dashboard_tags}}",
                       "alias_name": "taskinstance_failures.average"
                   }
               ],
               "style": {
                   "palette": "dog_classic",
                   "line_type": "solid",
                   "line_width": "normal"
               },
               "display_type": "line"
           }
       ]
   }
},
{
   "id" : 3,
   "layout": {
       "x": 98,
       "y": 0,
       "width": 47,
       "height": 32
     },
   "definition": {
       "title": "Operator Failure",
       "title_size": "16",
       "title_align": "left",
       "show_legend": false,
       "type": "timeseries",
       "requests": [
           {
               "q": "avg:aws.mwaa.operator_failures{${airflow_dashboard_tags}}",
               "on_right_yaxis": false,
               "metadata": [
                   {
                       "expression": "avg:aws.mwaa.operator_failures{${airflow_dashboard_tags}}",
                       "alias_name": "operator_failures.average"
                   }
               ],
               "style": {
                   "palette": "dog_classic",
                   "line_type": "solid",
                   "line_width": "normal"
               },
               "display_type": "line"
           }
       ]
   }
},
{
   "id" : 4,
   "layout": {
       "x": 0,
       "y": 34,
       "width": 47,
       "height": 34
     },
   "definition": {
       "title": "Tasks Starving",
       "title_size": "16",
       "title_align": "left",
       "show_legend": false,
       "type": "timeseries",
       "requests": [
           {
               "q": "avg:aws.mwaa.tasks_starving{${airflow_dashboard_tags}}",
               "on_right_yaxis": false,
               "metadata": [
                   {
                       "expression": "avg:aws.mwaa.tasks_starving{${airflow_dashboard_tags}}",
                       "alias_name": "tasks_starving.average"
                   }
               ],
               "style": {
                   "palette": "dog_classic",
                   "line_type": "solid",
                   "line_width": "normal"
               },
               "display_type": "line"
           }
       ]
   }
},
{
   "id" : 5,
   "layout": {
       "x": 49,
       "y": 34,
       "width": 47,
       "height": 32
     },
   "definition": {
       "title": "Scheduler Heartbeat",
       "title_size": "16",
       "title_align": "left",
       "show_legend": false,
       "type": "timeseries",
       "requests": [
           {
               "q": "avg:aws.mwaa.scheduler_heartbeat{${airflow_dashboard_tags}}",
               "on_right_yaxis": false,
               "metadata": [
                   {
                       "expression": "avg:aws.mwaa.scheduler_heartbeat{${airflow_dashboard_tags}}",
                       "alias_name": "scheduler_heartbeat.average"
                   }
               ],
               "style": {
                   "palette": "dog_classic",
                   "line_type": "solid",
                   "line_width": "normal"
               },
               "display_type": "line"
           }
       ]
   }
}

