{
  "id" : 1${dynamodb_x},
  "layout": {
    "x": ${dynamodb_x},
    "y": ${dynamodb_y_axis_intial_value},
    "width": ${dynamodb_resource_panel_width},
    "height": ${dynamodb_resource_panel_height}
  },
  "definition": {
      "type": "note",
      "content": "${dynamodb_dashboard_tags}",
      "background_color": "vivid_green",
      "font_size": "16",
      "text_align": "center",
      "show_tick": true,
      "tick_pos": "50%",
      "tick_edge": "bottom"
  }
},
{
  "id" : 2${dynamodb_x},
  "layout": {
    "x": ${dynamodb_x},
    "y": ${dynamodb_widget1_y},
    "width": ${dynamodb_metrics_panel_width},
    "height": ${dynamodb_metrics_panel_height}
  },
  "definition": {
    "title": "Latency (ms)",
    "title_size": "16",
    "title_align": "left",
    "show_legend": false,
    "legend_size": "0",
    "type": "timeseries",
    "requests": [
      {
        "q": "max:aws.dynamodb.successful_request_latency.maximum{${dynamodb_dashboard_tags}}",
        "on_right_yaxis": false,
        "metadata": [
          {
            "expression": "max:aws.dynamodb.successful_request_latency.maximum{${dynamodb_dashboard_tags}}",
            "alias_name": "Success Latency"
          }
        ],
        "style": {
          "palette": "cool",
          "line_type": "solid",
          "line_width": "normal"
        },
        "display_type": "line"
      }
    ],
    "yaxis": {
      "scale": "linear",
      "label": "",
      "include_zero": true,
      "min": "auto",
      "max": "auto"
    },
    "custom_links": []
  }
},
{
  "id" : 3${dynamodb_x},
  "layout": {
    "x": ${dynamodb_x},
    "y": ${dynamodb_widget2_y},
    "width": ${dynamodb_metrics_panel_width},
    "height": ${dynamodb_metrics_panel_height}
  },
  "definition": {
    "title": "Traffic (units consumed/s)",
    "title_size": "16",
    "title_align": "left",
    "show_legend": false,
    "legend_size": "0",
    "type": "timeseries",
    "requests": [
      {
        "q": "sum:aws.dynamodb.consumed_read_capacity_units{${dynamodb_dashboard_tags}}/60",
        "on_right_yaxis": false,
        "metadata": [
          {
            "expression": "sum:aws.dynamodb.consumed_read_capacity_units{${dynamodb_dashboard_tags}}/60",
            "alias_name": "Consumed read unit rate"
          }
        ],
        "style": {
          "palette": "cool",
          "line_type": "solid",
          "line_width": "normal"
        },
        "display_type": "line"
      },
      {
        "q": "sum:aws.dynamodb.consumed_write_capacity_units{${dynamodb_dashboard_tags}}/60",
        "on_right_yaxis": false,
        "metadata": [
          {
            "expression": "sum:aws.dynamodb.consumed_write_capacity_units{${dynamodb_dashboard_tags}}/60",
            "alias_name": "Consumed read unit rate"
          }
        ],
        "style": {
          "palette": "cool",
          "line_type": "solid",
          "line_width": "normal"
        },
        "display_type": "line"
      }
    ],
    "yaxis": {
      "scale": "linear",
      "label": "",
      "include_zero": true,
      "min": "auto",
      "max": "auto"
    },
    "custom_links": []
  }
},
{
  "id" : 4${dynamodb_x},
  "layout": {
    "x": ${dynamodb_x},
    "y": ${dynamodb_widget3_y},
    "width": ${dynamodb_metrics_panel_width},
    "height": ${dynamodb_metrics_panel_height}
  },
  "definition": {
    "title": "Errors",
    "title_size": "16",
    "title_align": "left",
    "show_legend": false,
    "legend_size": "0",
    "type": "timeseries",
    "requests": [
      {
        "q": "sum:aws.dynamodb.system_errors{${dynamodb_dashboard_tags}}",
        "on_right_yaxis": false,
        "metadata": [
          {
            "expression": "sum:aws.dynamodb.system_errors{${dynamodb_dashboard_tags}}",
            "alias_name": "5xx errors"
          }
        ],
        "style": {
          "palette": "cool",
          "line_type": "solid",
          "line_width": "normal"
        },
        "display_type": "line"
      },
      {
        "q": "sum:aws.dynamodb.conditional_check_failed_requests{${dynamodb_dashboard_tags}}.as_count()",
        "on_right_yaxis": false,
        "metadata": [
          {
            "expression": "sum:aws.dynamodb.conditional_check_failed_requests{${dynamodb_dashboard_tags}}.as_count()",
            "alias_name": "Conditional check errors"
          }
        ],
        "style": {
          "palette": "cool",
          "line_type": "solid",
          "line_width": "normal"
        },
        "display_type": "line"
      }
    ],
    "yaxis": {
      "scale": "linear",
      "label": "",
      "include_zero": true,
      "min": "auto",
      "max": "auto"
    },
    "custom_links": []
  }
},
{
  "id" : 5${dynamodb_x},
  "layout": {
    "x": ${dynamodb_x},
    "y": ${dynamodb_widget4_y},
    "width": ${dynamodb_metrics_panel_width},
    "height": ${dynamodb_metrics_panel_height}
  },
  "definition": {
    "title": "Saturation (% of provisioned capacity)",
    "title_size": "16",
    "title_align": "left",
    "show_legend": false,
    "legend_size": "0",
    "type": "timeseries",
    "requests": [
      {
        "q": "(sum:aws.dynamodb.consumed_read_capacity_units{${dynamodb_dashboard_tags}}/sum:aws.dynamodb.provisioned_read_capacity_units{${dynamodb_dashboard_tags}})*100",
        "on_right_yaxis": false,
        "metadata": [
          {
            "expression": "(sum:aws.dynamodb.consumed_read_capacity_units{${dynamodb_dashboard_tags}}/sum:aws.dynamodb.provisioned_read_capacity_units{${dynamodb_dashboard_tags}})*100",
            "alias_name": "% of provisioned read capacity"
          }
        ],
        "style": {
          "palette": "cool",
          "line_type": "solid",
          "line_width": "normal"
        },
        "display_type": "line"
      },
      {
        "q": "(sum:aws.dynamodb.consumed_write_capacity_units{${dynamodb_dashboard_tags}}/sum:aws.dynamodb.provisioned_write_capacity_units{${dynamodb_dashboard_tags}})*100",
        "on_right_yaxis": false,
        "metadata": [
          {
            "expression": "(sum:aws.dynamodb.consumed_write_capacity_units{${dynamodb_dashboard_tags}}/sum:aws.dynamodb.provisioned_write_capacity_units{${dynamodb_dashboard_tags}})*100",
            "alias_name": "% of provisioned write capacity"
          }
        ],
        "style": {
          "palette": "cool",
          "line_type": "solid",
          "line_width": "normal"
        },
        "display_type": "line"
      }
    ],
    "yaxis": {
      "scale": "linear",
      "label": "",
      "include_zero": true,
      "min": "auto",
      "max": "auto"
    },
    "markers": [
      {
        "label": " 80% of provisioned ",
        "value": "y > 80",
        "display_type": "error dashed"
      }
    ],
    "custom_links": []
  }
},
{
  "id" : 6${dynamodb_x},
  "layout": {
    "x": ${dynamodb_x},
    "y": ${dynamodb_widget5_y},
    "width": ${dynamodb_metrics_panel_width},
    "height": ${dynamodb_metrics_panel_height}
  },
  "definition": {
    "title": "Saturation - (throttle events/s)",
    "title_size": "16",
    "title_align": "left",
    "show_legend": false,
    "legend_size": "0",
    "type": "timeseries",
    "requests": [
      {
        "q": "sum:aws.dynamodb.read_throttle_events{${dynamodb_dashboard_tags}}.as_rate()",
        "on_right_yaxis": false,
        "metadata": [
          {
            "expression": "sum:aws.dynamodb.read_throttle_events{${dynamodb_dashboard_tags}}.as_rate()",
            "alias_name": "Throttled read rate"
          }
        ],
        "style": {
          "palette": "cool",
          "line_type": "solid",
          "line_width": "normal"
        },
        "display_type": "line"
      },
      {
        "q": "sum:aws.dynamodb.write_throttle_events{${dynamodb_dashboard_tags}}.as_rate()",
        "on_right_yaxis": false,
        "metadata": [
          {
            "expression": "sum:aws.dynamodb.write_throttle_events{${dynamodb_dashboard_tags}}.as_rate()",
            "alias_name": "Throttled write rate"
          }
        ],
        "style": {
          "palette": "cool",
          "line_type": "solid",
          "line_width": "normal"
        },
        "display_type": "line"
      }
    ],
    "yaxis": {
      "scale": "linear",
      "label": "",
      "include_zero": true,
      "min": "auto",
      "max": "auto"
    },
    "custom_links": []
  }
},
{
  "id" : 7${dynamodb_x},
  "layout": {
    "x": ${dynamodb_x},
    "y": ${dynamodb_widget6_y},
    "width": ${dynamodb_metrics_panel_width},
    "height": ${dynamodb_metrics_panel_height}
  },
  "definition": {
    "title": "Saturation - (throttled requests/s)",
    "title_size": "16",
    "title_align": "left",
    "show_legend": false,
    "legend_size": "0",
    "time": {
      "live_span": "4h"
    },
    "type": "timeseries",
    "requests": [
      {
        "q": "sum:aws.dynamodb.throttled_requests{${dynamodb_dashboard_tags}}.as_rate()",
        "on_right_yaxis": false,
        "metadata": [
          {
            "expression": "sum:aws.dynamodb.throttled_requests{${dynamodb_dashboard_tags}}.as_rate()",
            "alias_name": "Throttling Requests"
          }
        ],
        "style": {
          "palette": "cool",
          "line_type": "solid",
          "line_width": "normal"
        },
        "display_type": "line"
      }
    ],
    "yaxis": {
      "scale": "linear",
      "label": "",
      "include_zero": true,
      "min": "auto",
      "max": "auto"
    },
    "custom_links": []
  }
}