{   
    "id" : 1${x},
    "layout": {
        "x": ${x},
        "y": ${y_axis_intial_value},
        "width": ${resource_panel_width},
        "height": ${resource_panel_height}
    },
    "definition": {
        "type": "note",
        "content": "${ec2_dashboard_tags}",
        "background_color": "vivid_green",
        "font_size": "16",
        "text_align": "center",
        "show_tick": true,
        "tick_pos": "50%",
        "tick_edge": "bottom"
    }
},
{
    "id" : 2${x},
    "layout": {
        "x": ${x},
        "y": ${widget1_y},
        "width": ${metrics_panel_width},
        "height": ${metrics_panel_height}
    },
    "definition": {
        "title": "Host Ok",
        "title_size": "16",
        "title_align": "left",
        "show_legend": false,
        "legend_size": "0",
        "legend_layout": "vertical",
        "legend_columns": [
            "value",
            "avg",
            "sum",
            "min",
            "max"
        ],
        "type": "timeseries",
        "requests": [
            {
                "q": "max:aws.ec2.host_ok{${ec2_dashboard_tags}} by {host}",
                "on_right_yaxis": false,
                "metadata": [
                    {
                        "expression": "max:aws.ec2.host_ok{${ec2_dashboard_tags}} by {host}",
                        "alias_name": "Status"
                    }
                ],
                "style": {
                    "palette": "cool",
                    "line_type": "solid",
                    "line_width": "normal"
                },
                "display_type": "line"
            }
        ],
        "yaxis": {
            "scale": "linear",
            "include_zero": true,
            "min": "auto",
            "max": "auto"
        }
    }
},
{
    "id" : 3${x},
    "layout": {
        "x": ${x},
        "y": ${widget2_y},
        "width": ${metrics_panel_width},
        "height": ${metrics_panel_height}
    },
    "definition": {
        "title": "Read/Write Ops",
        "title_size": "16",
        "title_align": "left",
        "show_legend": false,
        "legend_size": "0",
        "legend_layout": "vertical",
        "legend_columns": [
            "value",
            "avg",
            "sum",
            "min",
            "max"
        ],
        "type": "timeseries",
        "requests": [
            {
                "q": "sum:aws.ec2.disk_read_ops{${ec2_dashboard_tags}}by {host}",
                "on_right_yaxis": false,
                "metadata": [
                    {
                        "expression": "sum:aws.ec2.disk_read_ops{${ec2_dashboard_tags}} by {host}",
                        "alias_name": "Read Ops"
                    }
                ],
                "style": {
                    "palette": "cool",
                    "line_type": "solid",
                    "line_width": "normal"
                },
                "display_type": "line"
            },
            {
                "q": "sum:aws.ec2.disk_write_ops{${ec2_dashboard_tags}}by {host}",
                "on_right_yaxis": false,
                "metadata": [
                    {
                        "expression": "sum:aws.ec2.disk_write_ops{${ec2_dashboard_tags}} by {host}",
                        "alias_name": "Write Ops"
                    }
                ],
                "style": {
                    "palette": "cool",
                    "line_type": "solid",
                    "line_width": "normal"
                },
                "display_type": "line"
            }
        ],
        "yaxis": {
            "scale": "linear",
            "include_zero": true,
            "min": "auto",
            "max": "auto"
        }
    }
},
{
    "id" : 4${x},
    "layout": {
        "x": ${x},
        "y": ${widget3_y},
        "width": ${metrics_panel_width},
        "height": ${metrics_panel_height}
    },
    "definition": {
        "title": "Network In/Out Max",
        "title_size": "16",
        "title_align": "left",
        "show_legend": false,
        "legend_size": "0",
        "legend_layout": "vertical",
        "legend_columns": [
            "value",
            "avg",
            "sum",
            "min",
            "max"
        ],
        "type": "timeseries",
        "requests": [
            {
                "q": "sum:aws.ec2.network_in.maximum{${ec2_dashboard_tags}} by {host}/1000000",
                "on_right_yaxis": false,
                "style": {
                    "palette": "cool",
                    "line_type": "solid",
                    "line_width": "normal"
                },
                "display_type": "line"
            },
            {
                "q": "sum:aws.ec2.network_out.maximum{${ec2_dashboard_tags}} by {host}/1000000",
                "on_right_yaxis": false,
                "style": {
                    "palette": "cool",
                    "line_type": "solid",
                    "line_width": "normal"
                },
                "display_type": "line"
            }
        ],
        "yaxis": {
            "scale": "linear",
            "include_zero": true,
            "min": "auto",
            "max": "auto"
        }
    }
},
{
    "id" : 5${x},
    "layout": {
        "x": ${x},
        "y": ${widget4_y},
        "width": ${metrics_panel_width},
        "height": ${metrics_panel_height}
    },
    "definition": {
        "title": "Check Failed",
        "title_size": "16",
        "title_align": "left",
        "show_legend": false,
        "legend_size": "0",
        "legend_layout": "vertical",
        "legend_columns": [
            "value",
            "avg",
            "sum",
            "min",
            "max"
        ],
        "type": "timeseries",
        "requests": [
            {
                "q": "max:aws.ec2.status_check_failed{${ec2_dashboard_tags}}by {host}",
                "on_right_yaxis": false,
                "metadata": [
                    {
                        "expression": "max:aws.ec2.status_check_failed{${ec2_dashboard_tags}} by {host}",
                        "alias_name": "Check failed"
                    }
                ],
                "style": {
                    "palette": "cool",
                    "line_type": "solid",
                    "line_width": "normal"
                },
                "display_type": "line"
            }
        ],
        "yaxis": {
            "scale": "linear",
            "include_zero": true,
            "min": "auto",
            "max": "auto"
        }
    }
},
{
    "id" : 6${x},
    "layout": {
        "x": ${x},
        "y": ${widget5_y},
        "width": ${metrics_panel_width},
        "height": ${metrics_panel_height}
    },
    "definition": {
        "title": "CPU Utilization",
        "title_size": "16",
        "title_align": "left",
        "show_legend": false,
        "legend_size": "0",
        "legend_layout": "vertical",
        "legend_columns": [
            "value",
            "avg",
            "sum",
            "min",
            "max"
        ],
        "type": "timeseries",
        "requests": [
            {
                "q": "sum:aws.ec2.cpuutilization{${ec2_dashboard_tags}} by {host}",
                "on_right_yaxis": false,
                "metadata": [
                    {
                        "expression": "sum:aws.ec2.cpuutilization{${ec2_dashboard_tags}} by {host}",
                        "alias_name": "CPU Utilization"
                    }
                ],
                "style": {
                    "palette": "cool",
                    "line_type": "solid",
                    "line_width": "normal"
                },
                "display_type": "line"
            }
        ],
        "yaxis": {
            "scale": "linear",
            "include_zero": true,
            "min": "auto",
            "max": "auto"
        },
        "markers": [
            {
                "label": "y = 90",
                "value": "y = 90",
                "display_type": "error dashed"
            }
        ]
    }
},
{
    "id" : 7${x},
    "layout": {
        "x": ${x},
        "y": ${widget6_y},
        "width": ${metrics_panel_width},
        "height": ${metrics_panel_height}
    },
    "definition": {
        "title": "Memory Utilization",
        "title_size": "16",
        "title_align": "left",
        "show_legend": false,
        "legend_size": "0",
        "legend_layout": "vertical",
        "legend_columns": [
            "value",
            "avg",
            "sum",
            "min",
            "max"
        ],
        "type": "timeseries",
        "requests": [
            {
                "q": "sum:system.mem.used{${ec2_dashboard_tags}} by {host}",
                "on_right_yaxis": false,
                "metadata": [
                    {
                        "expression": "sum:system.mem.used{${ec2_dashboard_tags}} by {host}",
                        "alias_name": "Memory Utilization"
                    }
                ],
                "style": {
                    "palette": "cool",
                    "line_type": "solid",
                    "line_width": "normal"
                },
                "display_type": "line"
            }
        ],
        "yaxis": {
            "scale": "linear",
            "include_zero": true,
            "min": "auto",
            "max": "auto"
        }
    }
},
{
    "id" : 8${x},
    "layout": {
        "x": ${x},
        "y": ${widget7_y},
        "width": ${metrics_panel_width},
        "height": ${metrics_panel_height}
    },
    "definition": {
        "title": "Disk Utilization",
        "title_size": "16",
        "title_align": "left",
        "show_legend": false,
        "legend_size": "0",
        "legend_layout": "vertical",
        "legend_columns": [
            "value",
            "avg",
            "sum",
            "min",
            "max"
        ],
        "type": "timeseries",
        "requests": [
            {
                "q": "sum:system.disk.used{${ec2_dashboard_tags}} by {host}",
                "on_right_yaxis": false,
                "metadata": [
                    {
                        "expression": "sum:system.disk.used{${ec2_dashboard_tags}} by {host}",
                        "alias_name": "Disk Utilization"
                    }
                ],
                "style": {
                    "palette": "cool",
                    "line_type": "solid",
                    "line_width": "normal"
                },
                "display_type": "line"
            }
        ],
        "yaxis": {
            "scale": "linear",
            "include_zero": true,
            "min": "auto",
            "max": "auto"
        }
    }
},
{
    "id" : 9${x},
    "layout": {
        "x": ${x},
        "y": ${widget8_y},
        "width": ${metrics_panel_width},
        "height": ${metrics_panel_height}
    },
    "definition": {
        "title": "CPU Credits - Usage / Balance",
        "title_size": "16",
        "title_align": "left",
        "show_legend": false,
        "legend_size": "0",
        "legend_layout": "vertical",
        "legend_columns": [
            "value",
            "avg",
            "sum",
            "min",
            "max"
        ],
        "type": "timeseries",
        "requests": [
            {
                "q": "sum:aws.ec2.cpucredit_usage{${ec2_dashboard_tags}} by {host}",
                "on_right_yaxis": false,
                "metadata": [
                    {
                        "expression": "sum:aws.ec2.cpucredit_usage{${ec2_dashboard_tags}} by {host}",
                        "alias_name": "Credit Usage"
                    }
                ],
                "style": {
                    "palette": "cool",
                    "line_type": "solid",
                    "line_width": "normal"
                },
                "display_type": "line"
            },
            {
                "q": "sum:aws.ec2.cpucredit_balance{${ec2_dashboard_tags}} by {host}",
                "on_right_yaxis": false,
                "metadata": [
                    {
                        "expression": "sum:aws.ec2.cpucredit_balance{${ec2_dashboard_tags}} by {host}",
                        "alias_name": "Credit Balance"
                    }
                ],
                "style": {
                    "palette": "cool",
                    "line_type": "solid",
                    "line_width": "normal"
                },
                "display_type": "line"
            }
        ],
        "yaxis": {
            "scale": "linear",
            "include_zero": true,
            "min": "auto",
            "max": "auto"
        }
    }
}