{
    "id" : 1${eks_x_axis_intial_value},
    "layout": {
      "x": ${eks_x_axis_intial_value},
      "y": 9,
      "width": 12,
      "height": 14
    },
    "definition": {
        "title": "Namespaces",
        "title_size": "16",
        "title_align": "left",
        "type": "query_value",
        "requests": [
            {
                "q": "count_nonzero(avg:kubernetes.pods.running{${eks_dashboard_tags}} by {cluster_name,kube_namespace})",
                "aggregator": "avg"
            }
        ],
        "custom_links": [],
        "precision": 0
    }
},
{
    "id" : 2${eks_x_axis_intial_value},
    "layout": {
      "x": ${eks_x_axis_intial_value},
      "y": 25,
      "width": 12,
      "height": 14
    },
    "definition": {
        "title": "Deployments",
        "title_size": "16",
        "title_align": "left",
        "type": "query_value",
        "requests": [
            {
                "q": "count_nonzero(avg:kubernetes_state.deployment.count{${eks_dashboard_tags}} by {cluster_name,kube_namespace,kube_deployment})",
                "aggregator": "avg"
            }
        ],
        "custom_links": [],
        "precision": 0
    }
},
{
    "id" : 3${eks_x_axis_intial_value},
    "layout": {
      "x": ${eks_x_axis_intial_value},
      "y": 40,
      "width": 12,
      "height": 14
    },
    "definition": {
        "title": "Services",
        "title_size": "16",
        "title_align": "left",
        "type": "query_value",
        "requests": [
            {
                "q": "sum:kubernetes_state.service.count{${eks_dashboard_tags}}",
                "aggregator": "avg"
            }
        ],
        "custom_links": [],
        "precision": 0
    }
},
{
    "id" : 4${eks_x_axis_intial_value},
    "layout": {
      "x": ${eks_x_axis_intial_value},
      "y": 55,
      "width": 12,
      "height": 14
    },
    "definition": {
        "title": "DaemonSets",
        "title_size": "16",
        "title_align": "left",
        "type": "query_value",
        "requests": [
            {
                "q": "count_nonzero(avg:kubernetes_state.daemonset.desired{${eks_dashboard_tags}} by {cluster_name,kube_namespace,kube_daemon_set})",
                "aggregator": "avg"
            }
        ],
        "custom_links": [],
        "precision": 0
    }
},
{
    "id" : 5${eks_x_axis_intial_value},
    "layout": {
      "x": ${eks_x_axis_intial_value},
      "y": 70,
      "width": 12,
      "height": 14
    },
    "definition": {
        "title": "Nodes",
        "title_size": "16",
        "title_align": "left",
        "type": "query_value",
        "requests": [
            {
                "q": "sum:kubernetes_state.node.count{${eks_dashboard_tags}}",
                "aggregator": "avg"
            }
        ],
        "custom_links": [],
        "precision": 0
    }
},
{
    "id" : 6${eks_x_axis_intial_value},
    "layout": {
      "x": ${eks_x_axis_intial_value},
      "y": 85,
      "width": 12,
      "height": 14
    },
    "definition": {
        "title": "Pods",
        "title_size": "16",
        "title_align": "left",
        "type": "query_value",
        "requests": [
            {
                "q": "sum:kubernetes.pods.running{${eks_dashboard_tags}}",
                "aggregator": "avg"
            }
        ],
        "custom_links": [],
        "precision": 0
    }
},
{
    "id" : 7${eks_x_axis_intial_value},
    "layout": {
      "x": ${eks_x_axis_intial_value},
      "y": 100,
      "width": 12,
      "height": 14
    },
    "definition": {
        "title": "Containers",
        "title_size": "16",
        "title_align": "left",
        "type": "query_value",
        "requests": [
            {
                "q": "sum:kubernetes.containers.running{${eks_dashboard_tags}}",
                "aggregator": "avg"
            }
        ],
        "custom_links": [],
        "precision": 0
    }
},
{
    "id" : 8${eks_x_axis_intial_value},
    "layout": {
      "x": ${eks_x_axis_intial_value},
      "y": 115,
      "width": 12,
      "height": 14
    },
    "definition": {
        "title": "Replicas",
        "title_size": "16",
        "title_align": "left",
        "type": "query_value",
        "requests": [
            {
                "q": "sum:kubernetes_state.deployment.replicas{${eks_dashboard_tags}}",
                "aggregator": "avg"
            }
        ],
        "custom_links": [],
        "precision": 0
    }
},
{
    "id" : 1${eks_x0},
    "layout": {
      "x": ${eks_x0},
      "y": ${eks_y_axis_intial_value},
      "width": ${eks_resource_panel_width},
      "height": ${eks_resource_panel_height}
    },
    "definition": {
      "type": "note",
      "content": "Deployment",
      "background_color": "vivid_green",
      "font_size": "18",
      "text_align": "center",
      "show_tick": true,
      "tick_pos": "50%",
      "tick_edge": "bottom"
    }
},
{
    "id" : 2${eks_x0},
    "layout": {
      "x": ${eks_x0},
      "y": ${eks_widget1_y},
      "width": ${eks_metrics_panel_width},
      "height": ${eks_metrics_panel_height}
    },
    "definition": {
        "title": "CPU Usage by Deployment",
        "title_size": "16",
        "title_align": "left",
        "show_legend": true,
        "legend_size": "0",
        "type": "timeseries",
        "requests": [
            {
                "q": "sum:kubernetes.cpu.usage.total{${eks_dashboard_tags}} by {kube_cluster_name,kube_namespace,kube_deployment}",
                "style": {
                    "palette": "dog_classic",
                    "line_type": "solid",
                    "line_width": "normal"
                },
                "display_type": "line"
            }
        ],
        "yaxis": {
            "include_zero": true,
            "scale": "linear",
            "label": "",
            "min": "auto",
            "max": "auto"
        },
        "right_yaxis": {
            "scale": "linear",
            "label": "",
            "min": "auto",
            "max": "auto"
        },
        "custom_links": []
    }
},
{
    "id" : 3${eks_x0},
    "layout": {
      "x": ${eks_x0},
      "y": ${eks_widget2_y},
      "width": ${eks_metrics_panel_width},
      "height": ${eks_metrics_panel_height}
    },
    "definition": {
        "title": "Memory Usage by Deployment",
        "title_size": "16",
        "title_align": "left",
        "show_legend": true,
        "legend_size": "0",
        "type": "timeseries",
        "requests": [
            {
                "q": "avg:kubernetes.memory.usage{${eks_dashboard_tags}} by {kube_deployment,kube_namespace,kube_cluster_name}",
                "style": {
                    "palette": "dog_classic",
                    "line_type": "solid",
                    "line_width": "normal"
                },
                "display_type": "line"
            }
        ],
        "yaxis": {
            "include_zero": true,
            "scale": "linear",
            "label": "",
            "min": "auto",
            "max": "auto"
        },
        "right_yaxis": {
            "scale": "linear",
            "label": "",
            "min": "auto",
            "max": "auto"
        },
        "custom_links": []
    }
},
{
    "id" : 4${eks_x0},
    "layout": {
      "x": ${eks_x0},
      "y": ${eks_widget3_y},
      "width": ${eks_metrics_panel_width},
      "height": ${eks_metrics_panel_height}
    },
    "definition": {
        "title": "Network Usage (Rx / Tx rate) by Deployment",
        "title_size": "16",
        "title_align": "left",
        "show_legend": true,
        "legend_size": "0",
        "type": "timeseries",
        "requests": [
            {
                "q": "sum:kubernetes.network.rx_bytes{${eks_dashboard_tags}} by {kube_deployment,kube_namespace,kube_cluster_name}, sum:kubernetes.network.tx_bytes{$kube_namespace,$kube_deployment,$scope,$kube_cluster_name} by {kube_deployment,kube_namespace,kube_cluster_name}",
                "style": {
                    "palette": "dog_classic",
                    "line_type": "solid",
                    "line_width": "normal"
                },
                "display_type": "line"
            }
        ],
        "yaxis": {
            "include_zero": true,
            "scale": "linear",
            "label": "",
            "min": "auto",
            "max": "auto"
        },
        "custom_links": []
    }
},
{
    "id" : 5${eks_x0},
    "layout": {
      "x": ${eks_x0},
      "y": ${eks_widget4_y},
      "width": ${eks_metrics_panel_width},
      "height": ${eks_metrics_panel_height}
    },
    "definition": {
        "title": "Network Errors by Deployment",
        "title_size": "16",
        "title_align": "left",
        "show_legend": true,
        "legend_size": "0",
        "type": "timeseries",
        "requests": [
            {
                "q": "sum:kubernetes.network.rx_errors{${eks_dashboard_tags}} by {kube_deployment,kube_namespace,kube_cluster_name}, sum:kubernetes.network.tx_errors{$kube_namespace,$kube_deployment,$scope,$kube_cluster_name} by {kube_deployment,kube_namespace,kube_cluster_name}",
                "style": {
                    "palette": "dog_classic",
                    "line_type": "solid",
                    "line_width": "normal"
                },
                "display_type": "line"
            }
        ],
        "yaxis": {
            "include_zero": true,
            "scale": "linear",
            "label": "",
            "min": "auto",
            "max": "auto"
        },
        "right_yaxis": {
            "scale": "linear",
            "label": "",
            "min": "auto",
            "max": "auto"
        },
        "markers": [
            {
                "label": "y = 0",
                "value": "y = 0",
                "display_type": "ok dashed"
            }
        ],
        "custom_links": []
    }
},
{
    "id" : 6${eks_x0},
    "layout": {
      "x": ${eks_x0},
      "y": ${eks_widget5_y},
      "width": ${eks_metrics_panel_width},
      "height": ${eks_metrics_panel_height}
    },
    "definition": {
        "title": "Disk Usage by Deployment",
        "title_size": "16",
        "title_align": "left",
        "show_legend": true,
        "legend_size": "0",
        "type": "timeseries",
        "requests": [
            {
                "q": "sum:kubernetes.filesystem.usage{${eks_dashboard_tags}} by {kube_deployment,kube_namespace,kube_cluster_name}",
                "style": {
                    "palette": "dog_classic",
                    "line_type": "solid",
                    "line_width": "normal"
                },
                "display_type": "line"
            }
        ],
        "yaxis": {
            "include_zero": true,
            "scale": "linear",
            "label": "",
            "min": "auto",
            "max": "auto"
        },
        "right_yaxis": {
            "scale": "linear",
            "label": "",
            "min": "auto",
            "max": "auto"
        },
        "custom_links": []
    }
},
{
    "id" : 7${eks_x0},
    "layout": {
      "x": ${eks_x0},
      "y": ${eks_widget6_y},
      "width": ${eks_metrics_panel_width},
      "height": ${eks_metrics_panel_height}
    },
    "definition": {
        "title": "Disk Usage % by Deployment",
        "title_size": "16",
        "title_align": "left",
        "show_legend": true,
        "legend_size": "0",
        "type": "timeseries",
        "requests": [
            {
                "q": "sum:kubernetes.filesystem.usage_pct{${eks_dashboard_tags}} by {kube_deployment,kube_namespace,kube_cluster_name}*100",
                "style": {
                    "palette": "dog_classic",
                    "line_type": "solid",
                    "line_width": "normal"
                },
                "display_type": "line"
            }
        ],
        "yaxis": {
            "include_zero": true,
            "scale": "linear",
            "label": "",
            "min": "auto",
            "max": "auto"
        },
        "right_yaxis": {
            "scale": "linear",
            "label": "",
            "min": "auto",
            "max": "auto"
        },
        "markers": [
            {
                "label": " 100% ",
                "value": "y = 100",
                "display_type": "error dashed"
            }
        ],
        "custom_links": []
    }
},
{
    "id" : 8${eks_x1},
    "layout": {
      "x": ${eks_x1},
      "y": ${eks_y_axis_intial_value},
      "width": ${eks_resource_panel_width},
      "height": ${eks_resource_panel_height}
    },
    "definition": {
      "type": "note",
      "content": "Nodes",
      "background_color": "vivid_green",
      "font_size": "18",
      "text_align": "center",
      "show_tick": true,
      "tick_pos": "50%",
      "tick_edge": "bottom"
    }
},
{
    "id" : 9${eks_x1},
    "layout": {
      "x": ${eks_x1},
      "y": ${eks_widget1_y},
      "width": ${eks_metrics_panel_width},
      "height": ${eks_metrics_panel_height}
    },
    "definition": {
        "title": "Host Ok",
        "title_size": "16",
        "title_align": "left",
        "show_legend": false,
        "legend_size": "0",
        "legend_layout": "vertical",
        "legend_columns": [
            "value",
            "avg",
            "sum",
            "min",
            "max"
        ],
        "type": "timeseries",
        "requests": [
            {
                "q": "max:aws.ec2.host_ok{${eks_dashboard_tags}} by {host}",
                "on_right_yaxis": false,
                "metadata": [
                    {
                        "expression": "max:aws.ec2.host_ok{${eks_dashboard_tags}} by {host}",
                        "alias_name": "Status"
                    }
                ],
                "style": {
                    "palette": "cool",
                    "line_type": "solid",
                    "line_width": "normal"
                },
                "display_type": "line"
            }
        ],
        "yaxis": {
            "scale": "linear",
            "include_zero": true,
            "min": "auto",
            "max": "auto"
        }
    }
},
{
    "id" : 10${eks_x1},
    "layout": {
      "x": ${eks_x1},
      "y": ${eks_widget2_y},
      "width": ${eks_metrics_panel_width},
      "height": ${eks_metrics_panel_height}
    },
    "definition": {
        "title": "Read/Write Ops",
        "title_size": "16",
        "title_align": "left",
        "show_legend": false,
        "legend_size": "0",
        "legend_layout": "vertical",
        "legend_columns": [
            "value",
            "avg",
            "sum",
            "min",
            "max"
        ],
        "type": "timeseries",
        "requests": [
            {
                "q": "sum:aws.ec2.disk_read_ops{${eks_dashboard_tags}}by {host}",
                "on_right_yaxis": false,
                "metadata": [
                    {
                        "expression": "sum:aws.ec2.disk_read_ops{${eks_dashboard_tags}} by {host}",
                        "alias_name": "Read Ops"
                    }
                ],
                "style": {
                    "palette": "cool",
                    "line_type": "solid",
                    "line_width": "normal"
                },
                "display_type": "line"
            },
            {
                "q": "sum:aws.ec2.disk_write_ops{${eks_dashboard_tags}}by {host}",
                "on_right_yaxis": false,
                "metadata": [
                    {
                        "expression": "sum:aws.ec2.disk_write_ops{${eks_dashboard_tags}} by {host}",
                        "alias_name": "Write Ops"
                    }
                ],
                "style": {
                    "palette": "cool",
                    "line_type": "solid",
                    "line_width": "normal"
                },
                "display_type": "line"
            }
        ],
        "yaxis": {
            "scale": "linear",
            "include_zero": true,
            "min": "auto",
            "max": "auto"
        }
    }
},
{
    "id" : 11${eks_x1},
    "layout": {
      "x": ${eks_x1},
      "y": ${eks_widget3_y},
      "width": ${eks_metrics_panel_width},
      "height": ${eks_metrics_panel_height}
    },
    "definition": {
        "title": "Network In/Out Max",
        "title_size": "16",
        "title_align": "left",
        "show_legend": false,
        "legend_size": "0",
        "legend_layout": "vertical",
        "legend_columns": [
            "value",
            "avg",
            "sum",
            "min",
            "max"
        ],
        "type": "timeseries",
        "requests": [
            {
                "q": "sum:aws.ec2.network_in.maximum{${eks_dashboard_tags}} by {host}/1000000",
                "on_right_yaxis": false,
                "style": {
                    "palette": "cool",
                    "line_type": "solid",
                    "line_width": "normal"
                },
                "display_type": "line"
            },
            {
                "q": "sum:aws.ec2.network_out.maximum{${eks_dashboard_tags}} by {host}/1000000",
                "on_right_yaxis": false,
                "style": {
                    "palette": "cool",
                    "line_type": "solid",
                    "line_width": "normal"
                },
                "display_type": "line"
            }
        ],
        "yaxis": {
            "scale": "linear",
            "include_zero": true,
            "min": "auto",
            "max": "auto"
        }
    }
},
{
    "id" : 12${eks_x1},
    "layout": {
      "x": ${eks_x1},
      "y": ${eks_widget4_y},
      "width": ${eks_metrics_panel_width},
      "height": ${eks_metrics_panel_height}
    },
    "definition": {
        "title": "Check Failed",
        "title_size": "16",
        "title_align": "left",
        "show_legend": false,
        "legend_size": "0",
        "legend_layout": "vertical",
        "legend_columns": [
            "value",
            "avg",
            "sum",
            "min",
            "max"
        ],
        "type": "timeseries",
        "requests": [
            {
                "q": "max:aws.ec2.status_check_failed{${eks_dashboard_tags}}by {host}",
                "on_right_yaxis": false,
                "metadata": [
                    {
                        "expression": "max:aws.ec2.status_check_failed{${eks_dashboard_tags}} by {host}",
                        "alias_name": "Check failed"
                    }
                ],
                "style": {
                    "palette": "cool",
                    "line_type": "solid",
                    "line_width": "normal"
                },
                "display_type": "line"
            }
        ],
        "yaxis": {
            "scale": "linear",
            "include_zero": true,
            "min": "auto",
            "max": "auto"
        }
    }
},
{
    "id" : 13${eks_x1},
    "layout": {
      "x": ${eks_x1},
      "y": ${eks_widget5_y},
      "width": ${eks_metrics_panel_width},
      "height": ${eks_metrics_panel_height}
    },
    "definition": {
        "title": "CPU Utilization",
        "title_size": "16",
        "title_align": "left",
        "show_legend": false,
        "legend_size": "0",
        "legend_layout": "vertical",
        "legend_columns": [
            "value",
            "avg",
            "sum",
            "min",
            "max"
        ],
        "type": "timeseries",
        "requests": [
            {
                "q": "sum:aws.ec2.cpuutilization{${eks_dashboard_tags}} by {host}",
                "on_right_yaxis": false,
                "metadata": [
                    {
                        "expression": "sum:aws.ec2.cpuutilization{${eks_dashboard_tags}} by {host}",
                        "alias_name": "CPU Utilization"
                    }
                ],
                "style": {
                    "palette": "cool",
                    "line_type": "solid",
                    "line_width": "normal"
                },
                "display_type": "line"
            }
        ],
        "yaxis": {
            "scale": "linear",
            "include_zero": true,
            "min": "auto",
            "max": "auto"
        },
        "markers": [
            {
                "label": "y = 90",
                "value": "y = 90",
                "display_type": "error dashed"
            }
        ]
    }
},
{
    "id" : 14${eks_x1},
    "layout": {
      "x": ${eks_x1},
      "y": ${eks_widget6_y},
      "width": ${eks_metrics_panel_width},
      "height": ${eks_metrics_panel_height}
    },
    "definition": {
        "title": "Memory Utilization",
        "title_size": "16",
        "title_align": "left",
        "show_legend": false,
        "legend_size": "0",
        "legend_layout": "vertical",
        "legend_columns": [
            "value",
            "avg",
            "sum",
            "min",
            "max"
        ],
        "type": "timeseries",
        "requests": [
            {
                "q": "sum:system.mem.used{${eks_dashboard_tags}} by {host}",
                "on_right_yaxis": false,
                "metadata": [
                    {
                        "expression": "sum:system.mem.used{${eks_dashboard_tags}} by {host}",
                        "alias_name": "Memory Utilization"
                    }
                ],
                "style": {
                    "palette": "cool",
                    "line_type": "solid",
                    "line_width": "normal"
                },
                "display_type": "line"
            }
        ],
        "yaxis": {
            "scale": "linear",
            "include_zero": true,
            "min": "auto",
            "max": "auto"
        }
    }
},
{
    "id" : 15${eks_x1},
    "layout": {
      "x": ${eks_x1},
      "y": ${eks_widget7_y},
      "width": ${eks_metrics_panel_width},
      "height": ${eks_metrics_panel_height}
    },
    "definition": {
        "title": "Disk Utilization",
        "title_size": "16",
        "title_align": "left",
        "show_legend": false,
        "legend_size": "0",
        "legend_layout": "vertical",
        "legend_columns": [
            "value",
            "avg",
            "sum",
            "min",
            "max"
        ],
        "type": "timeseries",
        "requests": [
            {
                "q": "sum:system.disk.used{${eks_dashboard_tags}} by {host}",
                "on_right_yaxis": false,
                "metadata": [
                    {
                        "expression": "sum:system.disk.used{${eks_dashboard_tags}} by {host}",
                        "alias_name": "Disk Utilization"
                    }
                ],
                "style": {
                    "palette": "cool",
                    "line_type": "solid",
                    "line_width": "normal"
                },
                "display_type": "line"
            }
        ],
        "yaxis": {
            "scale": "linear",
            "include_zero": true,
            "min": "auto",
            "max": "auto"
        }
    }
},
{
    "id" : 16${eks_x1},
    "layout": {
      "x": ${eks_x1},
      "y": ${eks_widget8_y},
      "width": ${eks_metrics_panel_width},
      "height": ${eks_metrics_panel_height}
    },
    "definition": {
        "title": "CPU Credits - Usage / Balance",
        "title_size": "16",
        "title_align": "left",
        "show_legend": false,
        "legend_size": "0",
        "legend_layout": "vertical",
        "legend_columns": [
            "value",
            "avg",
            "sum",
            "min",
            "max"
        ],
        "type": "timeseries",
        "requests": [
            {
                "q": "sum:aws.ec2.cpucredit_usage{${eks_dashboard_tags}} by {host}",
                "on_right_yaxis": false,
                "metadata": [
                    {
                        "expression": "sum:aws.ec2.cpucredit_usage{${eks_dashboard_tags}} by {host}",
                        "alias_name": "Credit Usage"
                    }
                ],
                "style": {
                    "palette": "cool",
                    "line_type": "solid",
                    "line_width": "normal"
                },
                "display_type": "line"
            },
            {
                "q": "sum:aws.ec2.cpucredit_balance{${eks_dashboard_tags}} by {host}",
                "on_right_yaxis": false,
                "metadata": [
                    {
                        "expression": "sum:aws.ec2.cpucredit_balance{${eks_dashboard_tags}} by {host}",
                        "alias_name": "Credit Balance"
                    }
                ],
                "style": {
                    "palette": "cool",
                    "line_type": "solid",
                    "line_width": "normal"
                },
                "display_type": "line"
            }
        ],
        "yaxis": {
            "scale": "linear",
            "include_zero": true,
            "min": "auto",
            "max": "auto"
        }
    }
},
{
    "id" : 17${eks_x2},
    "layout": {
      "x": ${eks_x2},
      "y": ${eks_y_axis_intial_value},
      "width": ${eks_resource_panel_width},
      "height": ${eks_resource_panel_height}
    },
    "definition": {
      "type": "note",
      "content": "Pods",
      "background_color": "vivid_green",
      "font_size": "18",
      "text_align": "center",
      "show_tick": true,
      "tick_pos": "50%",
      "tick_edge": "bottom"
    }
},
{
    "id" : 18${eks_x2},
    "layout": {
      "x": ${eks_x2},
      "y": ${eks_widget1_y},
      "width": ${eks_metrics_panel_width},
      "height": ${eks_metrics_panel_height}
    },
    "definition": {
        "title": "Running pods per namespace",
        "title_size": "16",
        "title_align": "left",
        "show_legend": false,
        "legend_size": "0",
        "type": "timeseries",
        "requests": [
            {
                "q": "sum:kubernetes.pods.running{${eks_dashboard_tags}} by {cluster_name,kube_namespace}",
                "style": {
                    "palette": "dog_classic",
                    "line_type": "solid",
                    "line_width": "normal"
                },
                "display_type": "area"
            }
        ],
        "yaxis": {
            "include_zero": true,
            "scale": "linear",
            "label": "",
            "min": "auto",
            "max": "auto"
        },
        "custom_links": []
    }
},
{
    "id" : 19${eks_x2},
    "layout": {
      "x": ${eks_x2},
      "y": ${eks_widget2_y},
      "width": ${eks_metrics_panel_width},
      "height": ${eks_metrics_panel_height}
    },
    "definition": {
        "title": "Pods in bad phase by namespaces",
        "title_size": "16",
        "title_align": "left",
        "type": "toplist",
        "requests": [
            {
                "q": "top(sum:kubernetes_state.pod.status_phase{${eks_dashboard_tags},!phase:running,!phase:succeeded} by {cluster_name,kube_namespace,phase}, 100, 'last', 'desc')",
                "conditional_formats": [
                    {
                        "comparator": ">",
                        "palette": "white_on_red",
                        "value": 0
                    },
                    {
                        "comparator": "<=",
                        "palette": "white_on_green",
                        "value": 0
                    }
                ]
            }
        ],
        "custom_links": []
    }
},
{
    "id" : 20${eks_x2},
    "layout": {
      "x": ${eks_x2},
      "y": ${eks_widget3_y},
      "width": ${eks_metrics_panel_width},
      "height": ${eks_metrics_panel_height}
    },
    "definition": {
        "title": "Running pods per node",
        "title_size": "16",
        "title_align": "left",
        "show_legend": false,
        "type": "timeseries",
        "requests": [
            {
                "q": "sum:kubernetes.pods.running{${eks_dashboard_tags}} by {host}",
                "style": {
                    "palette": "dog_classic",
                    "line_type": "solid",
                    "line_width": "normal"
                },
                "display_type": "area"
            }
        ],
        "yaxis": {
            "include_zero": true,
            "scale": "linear",
            "label": "",
            "min": "auto",
            "max": "auto"
        },
        "custom_links": []
    }
},
{
    "id" : 21${eks_x3},
    "layout": {
      "x": ${eks_x3},
      "y": ${eks_y_axis_intial_value},
      "width": ${eks_resource_panel_width},
      "height": ${eks_resource_panel_height}
    },
    "definition": {
      "type": "note",
      "content": "Replicas",
      "background_color": "vivid_green",
      "font_size": "18",
      "text_align": "center",
      "show_tick": true,
      "tick_pos": "50%",
      "tick_edge": "bottom"
    }
},
{
    "id" : 22${eks_x3},
    "layout": {
      "x": ${eks_x3},
      "y": ${eks_widget1_y},
      "width": ${eks_metrics_panel_width},
      "height": ${eks_metrics_panel_height}
    },
    "definition": {
        "title": "Replicas Per Deployment",
        "title_size": "16",
        "title_align": "left",
        "show_legend": false,
        "legend_size": "0",
        "type": "timeseries",
        "requests": [
            {
                "q": "sum:kubernetes_state.deployment.replicas{${eks_dashboard_tags}} by {deployment}",
                "style": {
                    "palette": "dog_classic",
                    "line_type": "solid",
                    "line_width": "normal"
                },
                "display_type": "area"
            }
        ],
        "yaxis": {
            "include_zero": true,
            "scale": "linear",
            "label": "",
            "min": "auto",
            "max": "auto"
        },
        "custom_links": []
    }
},
{
    "id" : 23${eks_x3},
    "layout": {
      "x": ${eks_x3},
      "y": ${eks_widget2_y},
      "width": ${eks_metrics_panel_width},
      "height": ${eks_metrics_panel_height}
    },
    "definition": {
        "title": "Replicas Available",
        "title_size": "16",
        "title_align": "left",
        "show_legend": false,
        "legend_size": "0",
        "type": "timeseries",
        "requests": [
            {
                "q": "sum:kubernetes_state.deployment.replicas_available{${eks_dashboard_tags}} by {deployment}",
                "style": {
                    "palette": "green",
                    "line_type": "solid",
                    "line_width": "normal"
                },
                "display_type": "area"
            }
        ],
        "yaxis": {
            "include_zero": true,
            "scale": "linear",
            "label": "",
            "min": "auto",
            "max": "auto"
        },
        "custom_links": []
    }
},
{
    "id" : 24${eks_x3},
    "layout": {
      "x": ${eks_x3},
      "y": ${eks_widget3_y},
      "width": ${eks_metrics_panel_width},
      "height": ${eks_metrics_panel_height}
    },
    "definition": {
        "title": "Replicas Desired",
        "title_size": "16",
        "title_align": "left",
        "show_legend": false,
        "legend_size": "0",
        "type": "timeseries",
        "requests": [
            {
                "q": "sum:kubernetes_state.deployment.replicas_desired{${eks_dashboard_tags}} by {deployment}",
                "style": {
                    "palette": "cool",
                    "line_type": "solid",
                    "line_width": "normal"
                },
                "display_type": "area"
            }
        ],
        "yaxis": {
            "include_zero": true,
            "scale": "linear",
            "label": "",
            "min": "auto",
            "max": "auto"
        },
        "custom_links": []
    }
},
{
    "id" : 25${eks_x3},
    "layout": {
      "x": ${eks_x3},
      "y": ${eks_widget4_y},
      "width": ${eks_metrics_panel_width},
      "height": ${eks_metrics_panel_height}
    },
    "definition": {
        "title": "Replicas Updated",
        "title_size": "16",
        "title_align": "left",
        "show_legend": false,
        "legend_size": "0",
        "type": "timeseries",
        "requests": [
            {
                "q": "sum:kubernetes_state.deployment.replicas_updated{${eks_dashboard_tags}} by {deployment}",
                "style": {
                    "palette": "dog_classic",
                    "line_type": "solid",
                    "line_width": "normal"
                },
                "display_type": "area"
            }
        ],
        "yaxis": {
            "include_zero": true,
            "scale": "linear",
            "label": "",
            "min": "auto",
            "max": "auto"
        },
        "right_yaxis": {
            "scale": "linear",
            "label": "",
            "min": "auto",
            "max": "auto"
        },
        "custom_links": []
    }
},
{
    "id" : 26${eks_x3},
    "layout": {
      "x": ${eks_x3},
      "y": ${eks_widget5_y},
      "width": ${eks_metrics_panel_width},
      "height": ${eks_metrics_panel_height}
    },
    "definition": {
        "title": "Replicas Unavailable",
        "title_size": "16",
        "title_align": "left",
        "show_legend": false,
        "legend_size": "0",
        "type": "timeseries",
        "requests": [
            {
                "q": "sum:kubernetes_state.deployment.replicas_unavailable{${eks_dashboard_tags}} by {kube_cluster_name,kube_namespace,kube_deployment}",
                "style": {
                    "palette": "orange",
                    "line_type": "solid",
                    "line_width": "normal"
                },
                "display_type": "area"
            }
        ],
        "yaxis": {
            "include_zero": true,
            "scale": "linear",
            "label": "",
            "min": "auto",
            "max": "auto"
        },
        "right_yaxis": {
            "scale": "linear",
            "label": "",
            "min": "auto",
            "max": "auto"
        },
        "custom_links": []
    }
},
{
    "id" : 27${eks_x3},
    "layout": {
      "x": ${eks_x3},
      "y": ${eks_widget6_y},
      "width": ${eks_metrics_panel_width},
      "height": ${eks_metrics_panel_height}
    },
    "definition": {
        "title": "Replicas Outdated",
        "title_size": "16",
        "title_align": "left",
        "show_legend": false,
        "legend_size": "0",
        "type": "timeseries",
        "requests": [
            {
                "q": "sum:kubernetes_state.deployment.replicas{${eks_dashboard_tags}} by {deployment}-sum:kubernetes_state.deployment.replicas_updated{${eks_dashboard_tags}} by {deployment}",
                "style": {
                    "palette": "orange",
                    "line_type": "solid",
                    "line_width": "normal"
                },
                "display_type": "area"
            }
        ],
        "yaxis": {
            "include_zero": true,
            "scale": "linear",
            "label": "",
            "min": "auto",
            "max": "auto"
        },
        "markers": [
            {
                "label": "y = 0",
                "value": "y = 0",
                "display_type": "ok dashed"
            }
        ],
        "custom_links": []
    }
},
{
    "id" : 28${eks_x3},
    "layout": {
      "x": ${eks_x3},
      "y": ${eks_widget7_y},
      "width": ${eks_metrics_panel_width},
      "height": ${eks_metrics_panel_height}
    },
    "definition": {
        "title": "Replicas Desired but Not Available",
        "title_size": "16",
        "title_align": "left",
        "show_legend": false,
        "legend_size": "0",
        "type": "timeseries",
        "requests": [
            {
                "q": "sum:kubernetes_state.deployment.replicas_desired{${eks_dashboard_tags}} by {deployment}-sum:kubernetes_state.deployment.replicas_available{${eks_dashboard_tags}} by {deployment}",
                "style": {
                    "palette": "dog_classic",
                    "line_type": "solid",
                    "line_width": "normal"
                },
                "display_type": "area"
            }
        ],
        "yaxis": {
            "include_zero": true,
            "scale": "linear",
            "label": "",
            "min": "auto",
            "max": "auto"
        },
        "right_yaxis": {
            "scale": "linear",
            "label": "",
            "min": "auto",
            "max": "auto"
        },
        "custom_links": []
    }
},
{
    "id" : 29${eks_x3},
    "layout": {
      "x": ${eks_x3},
      "y": ${eks_widget8_y},
      "width": ${eks_metrics_panel_width},
      "height": ${eks_metrics_panel_height}
    },
    "definition": {
        "title": "Max Unavailable Replicas in Rolling Update (spec strategy)",
        "title_size": "16",
        "title_align": "left",
        "show_legend": false,
        "legend_size": "0",
        "type": "timeseries",
        "requests": [
            {
                "q": "sum:kubernetes_state.deployment.rollingupdate.max_unavailable{${eks_dashboard_tags}} by {deployment}",
                "style": {
                    "palette": "warm",
                    "line_type": "solid",
                    "line_width": "normal"
                },
                "display_type": "area"
            }
        ],
        "yaxis": {
            "include_zero": true,
            "scale": "linear",
            "label": "",
            "min": "auto",
            "max": "auto"
        },
        "custom_links": []
    }
}