{
    "id" : 1${redis_x},
    "layout": {
        "x": ${redis_x},
        "y": ${redis_y_axis_intial_value},
        "width": ${redis_resource_panel_width},
        "height": ${redis_resource_panel_height}
    },
    "definition": {
        "type": "note",
        "content": "${redis_dashboard_tags}",
        "background_color": "vivid_green",
        "font_size": "16",
        "text_align": "center",
        "show_tick": true,
        "tick_pos": "50%",
        "tick_edge": "bottom"
    }
},
{
    "id" : 2${redis_x},
    "layout": {
        "x": ${redis_x},
        "y": ${redis_widget1_y},
        "width": ${redis_metrics_panel_width},
        "height": ${redis_metrics_panel_height}
    },
    "definition": {
        "title": "Memory Usage",
        "title_size": "16",
        "title_align": "left",
        "show_legend": false,
        "type": "timeseries",
        "requests": [
            {
                "q": "avg:gcp.redis.stats.memory.usage{${redis_dashboard_tags}}",
                "on_right_yaxis": false,
                "style": {
                    "palette": "cool",
                    "line_type": "solid",
                    "line_width": "normal"
                },
                "display_type": "line"
            }
        ],
        "yaxis": {
            "include_zero": true,
            "scale": "linear",
            "label": "",
            "min": "auto",
            "max": "auto"
        },
        "markers": []
    }
},
{
    "id" : 3${redis_x},
    "layout": {
        "x": ${redis_x},
        "y": ${redis_widget2_y},
        "width": ${redis_metrics_panel_width},
        "height": ${redis_metrics_panel_height}
      },
    "definition": {
        "title": "Network In/Out Traffic",
        "title_size": "16",
        "title_align": "left",
        "show_legend": false,
        "legend_size": "0",
        "type": "timeseries",
        "requests": [
            {
                "q": "avg:gcp.redis.stats.network_traffic{${redis_dashboard_tags},direction:in}",
                "on_right_yaxis": false,
                "metadata": [
                    {
                        "expression": "avg:gcp.redis.stats.network_traffic{${redis_dashboard_tags},direction:in}",
                        "alias_name": "Network In Traffic"
                    }
                ],
                "style": {
                    "palette": "cool",
                    "line_type": "solid",
                    "line_width": "normal"
                },
                "display_type": "line"
            },
            {
                "q": "avg:gcp.redis.stats.network_traffic{${redis_dashboard_tags},direction:out}",
                "on_right_yaxis": false,
                "metadata": [
                    {
                        "expression": "avg:gcp.redis.stats.network_traffic{${redis_dashboard_tags},direction:out}",
                        "alias_name": "Network Out Traffic"
                    }
                ],
                "style": {
                    "palette": "cool",
                    "line_type": "solid",
                    "line_width": "normal"
                },
                "display_type": "line"
            }
        ],
        "yaxis": {
            "include_zero": true,
            "scale": "linear",
            "label": "",
            "min": "auto",
            "max": "auto"
        },
        "markers": []
    }
},
{
    "id" : 4${redis_x},
    "layout": {
        "x": ${redis_x},
        "y": ${redis_widget3_y},
        "width": ${redis_metrics_panel_width},
        "height": ${redis_metrics_panel_height}
      },
    "definition": {
        "title": "Saturation - CPU Utilization (%)",
        "title_size": "16",
        "title_align": "left",
        "show_legend": false,
        "legend_size": "0",
        "type": "timeseries",
        "requests": [
            {
                "q": "max:gcp.redis.stats.cpu_utilization{${redis_dashboard_tags}}",
                "on_right_yaxis": false,
                "metadata": [
                    {
                        "expression": "max:gcp.redis.stats.cpu_utilization{${redis_dashboard_tags}}",
                        "alias_name": "CPU Utilization"
                    }
                ],
                "style": {
                    "palette": "cool",
                    "line_type": "solid",
                    "line_width": "normal"
                },
                "display_type": "line"
            }
        ],
        "yaxis": {
            "include_zero": true,
            "scale": "linear",
            "label": "",
            "min": "auto",
            "max": "auto"
        },
        "markers": []
    }
},
{
    "id" : 5${redis_x},
    "layout": {
        "x": ${redis_x},
        "y": ${redis_widget4_y},
        "width": ${redis_metrics_panel_width},
        "height": ${redis_metrics_panel_height}
      },
    "definition": {
        "title": "Evicted/Expired Keys",
        "title_size": "16",
        "title_align": "left",
        "show_legend": false,
        "legend_size": "0",
        "type": "timeseries",
        "requests": [
            {
                "q": "sum:gcp.redis.stats.evicted_keys{${redis_dashboard_tags}}.as_count()",
                "on_right_yaxis": false,
                "metadata": [
                    {
                        "expression": "sum:gcp.redis.stats.evicted_keys{${redis_dashboard_tags}}.as_count()",
                        "alias_name": "Evicted Keys"
                    }
                ],
                "style": {
                    "palette": "cool",
                    "line_type": "solid",
                    "line_width": "normal"
                },
                "display_type": "line"
            },
            {
                "q": "sum:gcp.redis.stats.expired_keys{${redis_dashboard_tags}}.as_count()",
                "on_right_yaxis": false,
                "metadata": [
                    {
                        "expression": "sum:gcp.redis.stats.expired_keys{${redis_dashboard_tags}}.as_count()",
                        "alias_name": "Expired Keys"
                    }
                ],
                "style": {
                    "palette": "cool",
                    "line_type": "solid",
                    "line_width": "normal"
                },
                "display_type": "line"
            }
        ],
        "yaxis": {
            "include_zero": true,
            "scale": "linear",
            "label": "",
            "min": "auto",
            "max": "auto"
        },
        "markers": []
    }
},
{
    "id" : 6${redis_x},
    "layout": {
        "x": ${redis_x},
        "y": ${redis_widget5_y},
        "width": ${redis_metrics_panel_width},
        "height": ${redis_metrics_panel_height}
      },
    "definition": {
        "title": "Connected/Blocked Clients",
        "title_size": "16",
        "title_align": "left",
        "show_legend": false,
        "legend_size": "0",
        "type": "timeseries",
        "requests": [
            {
                "q": "sum:gcp.redis.clients.connected{${redis_dashboard_tags}}",
                "on_right_yaxis": false,
                "metadata": [
                    {
                        "expression": "sum:gcp.redis.clients.connected{${redis_dashboard_tags}}",
                        "alias_name": "Connected Clients "
                    }
                ],
                "style": {
                    "palette": "cool",
                    "line_type": "solid",
                    "line_width": "normal"
                },
                "display_type": "line"
            },
            {
                "q": "sum:gcp.redis.clients.blocked{${redis_dashboard_tags}}",
                "on_right_yaxis": false,
                "metadata": [
                    {
                        "expression": "sum:gcp.redis.clients.blocked{${redis_dashboard_tags}}",
                        "alias_name": "Blocked Clients "
                    }
                ],
                "style": {
                    "palette": "cool",
                    "line_type": "solid",
                    "line_width": "normal"
                },
                "display_type": "line"
            }
        ],
        "yaxis": {
            "include_zero": true,
            "scale": "linear",
            "label": "",
            "min": "auto",
            "max": "auto"
        },
        "markers": []
    }
},
{
    "id" : 7${redis_x},
    "layout": {
        "x": ${redis_x},
        "y": ${redis_widget6_y},
        "width": ${redis_metrics_panel_width},
        "height": ${redis_metrics_panel_height}
      },
    "definition": {
        "title": "Uptime",
        "title_size": "16",
        "title_align": "left",
        "show_legend": false,
        "legend_size": "0",
        "type": "timeseries",
        "requests": [
            {
                "q": "avg:gcp.redis.server.uptime{${redis_dashboard_tags}}",
                "on_right_yaxis": false,
                "metadata": [
                    {
                        "expression": "avg:gcp.redis.server.uptime{${redis_dashboard_tags}}",
                        "alias_name": "Redis Server Uptime "
                    }
                ],
                "style": {
                    "palette": "cool",
                    "line_type": "solid",
                    "line_width": "normal"
                },
                "display_type": "line"
            }
        ],
        "yaxis": {
            "include_zero": true,
            "scale": "linear",
            "label": "",
            "min": "auto",
            "max": "auto"
        },
        "markers": []
    }
}