{
    "id" : 1${rds_x},
    "layout": {
        "x": ${rds_x},
        "y": ${rds_y_axis_intial_value},
        "width": ${rds_resource_panel_width},
        "height": ${rds_resource_panel_height}
      },
    "definition": {
        "type": "note",
        "content": "${rds_dashboard_tags}",
        "background_color": "vivid_green",
        "font_size": "16",
        "text_align": "center",
        "show_tick": true,
        "tick_pos": "50%",
        "tick_edge": "bottom"
    }
},
{
    "id" : 2${rds_x},
    "layout": {
        "x": ${rds_x},
        "y": ${rds_widget1_y},
        "width": ${rds_metrics_panel_width},
        "height": ${rds_metrics_panel_height}
      },
    "definition": {
        "title": "Latency",
        "title_size": "16",
        "title_align": "left",
        "show_legend": false,
        "type": "timeseries",
        "requests": [
            {
                "q": "max:aws.rds.read_latency{${rds_dashboard_tags}}",
                "on_right_yaxis": false,
                "metadata": [
                    {
                        "expression": "max:aws.rds.read_latency{${rds_dashboard_tags}}",
                        "alias_name": "Read Latency (max)"
                    }
                ],
                "style": {
                    "palette": "cool",
                    "line_type": "solid",
                    "line_width": "normal"
                },
                "display_type": "line"
            },
            {
                "q": "max:aws.rds.write_latency{${rds_dashboard_tags}}",
                "on_right_yaxis": false,
                "metadata": [
                    {
                        "expression": "max:aws.rds.write_latency{${rds_dashboard_tags}}",
                        "alias_name": "Write Latency (max)"
                    }
                ],
                "style": {
                    "palette": "cool",
                    "line_type": "solid",
                    "line_width": "normal"
                },
                "display_type": "line"
            }
        ],
        "yaxis": {
            "include_zero": false,
            "min": "0"
        }
    }
},
{
    "id" : 3${rds_x},
    "layout": {
        "x": ${rds_x},
        "y": ${rds_widget2_y},
        "width": ${rds_metrics_panel_width},
        "height": ${rds_metrics_panel_height}
      },
    "definition": {
        "title": "Saturation - IOPS",
        "title_size": "16",
        "title_align": "left",
        "show_legend": false,
        "type": "timeseries",
        "requests": [
            {
                "q": "avg:aws.rds.write_iops{${rds_dashboard_tags}}.as_rate(), avg:aws.rds.read_iops{${rds_dashboard_tags}}.as_rate(), avg:aws.rds.write_iops{${rds_dashboard_tags}}.as_rate()+avg:aws.rds.read_iops{${rds_dashboard_tags}}.as_rate()",
                "on_right_yaxis": false,
                "metadata": [
                    {
                        "expression": "avg:aws.rds.write_iops{${rds_dashboard_tags}}.as_rate()",
                        "alias_name": "Write IOPS"
                    },
                    {
                        "expression": "avg:aws.rds.read_iops{${rds_dashboard_tags}}.as_rate()",
                        "alias_name": "Read IOPS"
                    },
                    {
                        "expression": "avg:aws.rds.write_iops{${rds_dashboard_tags}}.as_rate()+avg:aws.rds.read_iops{${rds_dashboard_tags}}.as_rate()",
                        "alias_name": "Total IOPS"
                    }
                ],
                "style": {
                    "palette": "cool",
                    "line_type": "solid",
                    "line_width": "normal"
                },
                "display_type": "line"
            }
        ],
        "yaxis": {
            "include_zero": false
        },
        "markers": [
            {
                "label": " Base Line IOPS 600 ",
                "value": "y = 600",
                "display_type": "error dashed"
            }
        ]
    }
},
{
    "id" : 4${rds_x},
    "layout": {
        "x": ${rds_x},
        "y": ${rds_widget3_y},
        "width": ${rds_metrics_panel_width},
        "height": ${rds_metrics_panel_height}
      },
    "definition": {
        "title": "Saturation - Instance (CPU)",
        "title_size": "16",
        "title_align": "left",
        "show_legend": false,
        "type": "timeseries",
        "requests": [
            {
                "q": "max:aws.rds.cpuutilization{${rds_dashboard_tags}}",
                "on_right_yaxis": false,
                "metadata": [
                    {
                        "expression": "max:aws.rds.cpuutilization{${rds_dashboard_tags}}",
                        "alias_name": "CPU Utilization"
                    }
                ],
                "style": {
                    "palette": "cool",
                    "line_type": "solid",
                    "line_width": "normal"
                },
                "display_type": "line"
            }
        ],
        "yaxis": {
            "include_zero": false,
            "min": "0",
            "max": "100"
        },
        "markers": [
            {
                "label": " CPU High 75 ",
                "value": "y = 75",
                "display_type": "error dashed"
            }
        ]
    }
},
{
    "id" : 5${rds_x},
    "layout": {
        "x": ${rds_x},
        "y": ${rds_widget4_y},
        "width": ${rds_metrics_panel_width},
        "height": ${rds_metrics_panel_height}
      },
    "definition": {
        "title": "Saturation - Disk",
        "title_size": "16",
        "title_align": "left",
        "show_legend": false,
        "type": "timeseries",
        "requests": [
            {
                "q": "min:aws.rds.free_storage_space{${rds_dashboard_tags}}",
                "on_right_yaxis": false,
                "metadata": [
                    {
                        "expression": "min:aws.rds.free_storage_space{${rds_dashboard_tags}}",
                        "alias_name": "Free Storage Space"
                    }
                ],
                "style": {
                    "palette": "cool",
                    "line_type": "solid",
                    "line_width": "normal"
                },
                "display_type": "line"
            }
        ],
        "yaxis": {
            "include_zero": false,
            "min": "0"
        },
        "markers": [
            {
                "label": " Low Disk Space (500,0000,000) ",
                "value": "y = 5000000000",
                "display_type": "error dashed"
            }
        ]
    }
},
{
    "id" : 6${rds_x},
    "layout": {
        "x": ${rds_x},
        "y": ${rds_widget5_y},
        "width": ${rds_metrics_panel_width},
        "height": ${rds_metrics_panel_height}
      },
    "definition": {
        "title": "Saturation - DB Connections",
        "title_size": "16",
        "title_align": "left",
        "show_legend": false,
        "legend_size": "0",
        "type": "timeseries",
        "requests": [
            {
                "q": "max:aws.rds.database_connections{${rds_dashboard_tags}}",
                "on_right_yaxis": false,
                "metadata": [
                    {
                        "expression": "max:aws.rds.database_connections{${rds_dashboard_tags}}",
                        "alias_name": "DB Connections"
                    }
                ],
                "style": {
                    "palette": "cool",
                    "line_type": "solid",
                    "line_width": "normal"
                },
                "display_type": "line"
            }
        ],
        "yaxis": {
            "include_zero": true,
            "scale": "linear",
            "min": "auto",
            "max": "auto"
        },
        "markers": [
            {
                "label": " Max Connections (1,802) ",
                "value": "y = 1802",
                "display_type": "error dashed"
            }
        ]
    }
},
{
    "id" : 7${rds_x},
    "layout": {
        "x": ${rds_x},
        "y": ${rds_widget6_y},
        "width": ${rds_metrics_panel_width},
        "height": ${rds_metrics_panel_height}
      },
    "definition": {
        "title": "Saturation - Queue",
        "title_size": "16",
        "title_align": "left",
        "show_legend": false,
        "legend_size": "0",
        "type": "timeseries",
        "requests": [
            {
                "q": "max:aws.rds.disk_queue_depth{${rds_dashboard_tags}}",
                "on_right_yaxis": false,
                "metadata": [
                    {
                        "expression": "max:aws.rds.disk_queue_depth{${rds_dashboard_tags}}",
                        "alias_name": "Disk Queue Depth"
                    }
                ],
                "style": {
                    "palette": "cool",
                    "line_type": "solid",
                    "line_width": "normal"
                },
                "display_type": "line"
            }
        ],
        "yaxis": {
            "include_zero": false,
            "max": "70"
        },
        "markers": [
            {
                "label": " Max Disk Queue Depth (64) ",
                "value": "y = 64",
                "display_type": "error dashed"
            }
        ]
    }
},
{
    "id" : 8${rds_x},
    "layout": {
        "x": ${rds_x},
        "y": ${rds_widget7_y},
        "width": ${rds_metrics_panel_width},
        "height": ${rds_metrics_panel_height}
      },
    "definition": {
        "title": "Saturation - Burst Balance",
        "title_size": "16",
        "title_align": "left",
        "show_legend": false,
        "legend_size": "0",
        "type": "timeseries",
        "requests": [
            {
                "q": "avg:aws.rds.burst_balance{${rds_dashboard_tags}}",
                "on_right_yaxis": false,
                "metadata": [
                    {
                        "expression": "avg:aws.rds.burst_balance{${rds_dashboard_tags}}",
                        "alias_name": "Burst Balance"
                    }
                ],
                "style": {
                    "palette": "cool",
                    "line_type": "solid",
                    "line_width": "normal"
                },
                "display_type": "line"
            }
        ],
        "yaxis": {
            "include_zero": false,
            "min": "0",
            "max": "100"
        }
    }
},
{
    "id" : 9${rds_x},
    "layout": {
        "x": ${rds_x},
        "y": ${rds_widget8_y},
        "width": ${rds_metrics_panel_width},
        "height": ${rds_metrics_panel_height}
      },
    "definition": {
        "title": "Saturation - Instance - Freeable Memory ",
        "title_size": "16",
        "title_align": "left",
        "show_legend": false,
        "type": "timeseries",
        "requests": [
            {
                "q": "min:aws.rds.freeable_memory{${rds_dashboard_tags}}",
                "on_right_yaxis": false,
                "metadata": [
                    {
                        "expression": "min:aws.rds.freeable_memory{${rds_dashboard_tags}}",
                        "alias_name": "Freeable Memory"
                    }
                ],
                "style": {
                    "palette": "cool",
                    "line_type": "solid",
                    "line_width": "normal"
                },
                "display_type": "line"
            }
        ],
        "yaxis": {
            "include_zero": true,
            "scale": "linear",
            "min": "auto",
            "max": "auto"
        },
        "markers": [
            {
                "label": " Free Memory (1000,000,000) ",
                "value": "y = 1000000000",
                "display_type": "error dashed"
            }
        ]
    }
}