{
    "id" : 1${eks-sds_x_axis_intial_value},
    "layout": {
      "x": ${eks-sds_x_axis_intial_value},
      "y": 15,
      "width": 12,
      "height": 14
    },
    "definition": {
        "title": "Deployments",
        "title_size": "16",
        "title_align": "left",
        "type": "query_value",
        "requests": [
            {
                "q": "count_nonzero(sum:kubernetes_state.deployment.replicas{${eks-sds_dashboard_tags}} by {kube_deployment})",
                "aggregator": "avg",
                "conditional_formats": [
                    {
                        "comparator": ">",
                        "palette": "white_on_green",
                        "value": 0
                    }
                ]
            }
        ],
        "custom_links": [],
        "precision": 0
    }
},
{
    "id" : 2${eks-sds_x_axis_intial_value},
    "layout": {
      "x": ${eks-sds_x_axis_intial_value},
      "y": 30,
      "width": 12,
      "height": 14
    },
    "definition": {
        "title": "Replicas",
        "title_size": "16",
        "title_align": "left",
        "type": "query_value",
        "requests": [
            {
                "q": "sum:kubernetes_state.deployment.replicas{${eks-sds_dashboard_tags}}",
                "aggregator": "avg",
                "conditional_formats": [
                    {
                        "custom_fg_color": "#6a53a1",
                        "comparator": ">",
                        "palette": "green_on_white",
                        "value": 0
                    }
                ]
            }
        ],
        "custom_links": [],
        "precision": 0
    }
},
{
    "id" : 3${eks-sds_x_axis_intial_value},
    "layout": {
      "x": ${eks-sds_x_axis_intial_value},
      "y": 45,
      "width": 12,
      "height": 14
    },
    "definition": {
        "title": "Desired",
        "title_size": "16",
        "title_align": "left",
        "type": "query_value",
        "requests": [
            {
                "q": "sum:kubernetes_state.deployment.replicas_desired{${eks-sds_dashboard_tags}}",
                "aggregator": "last",
                "conditional_formats": [
                    {
                        "comparator": ">",
                        "palette": "green_on_white",
                        "value": 0
                    }
                ]
            }
        ],
        "autoscale": true,
        "custom_links": [],
        "precision": 0
    }
},
{
    "id" : 4${eks-sds_x_axis_intial_value},
    "layout": {
      "x": ${eks-sds_x_axis_intial_value},
      "y": 60,
      "width": 12,
      "height": 14
    },
    "definition": {
        "title": "Available",
        "title_size": "16",
        "title_align": "left",
        "type": "query_value",
        "requests": [
            {
                "q": "sum:kubernetes_state.deployment.replicas_available{${eks-sds_dashboard_tags}}",
                "aggregator": "last",
                "conditional_formats": [
                    {
                        "comparator": ">",
                        "palette": "green_on_white",
                        "value": 0
                    }
                ]
            }
        ],
        "autoscale": true,
        "custom_links": [],
        "precision": 0
    }
},
{
    "id" : 5${eks-sds_x_axis_intial_value},
    "layout": {
      "x": ${eks-sds_x_axis_intial_value},
      "y": 75,
      "width": 12,
      "height": 14
    },
    "definition": {
        "title": "Updated",
        "title_size": "16",
        "title_align": "left",
        "type": "query_value",
        "requests": [
            {
                "q": "sum:kubernetes_state.deployment.replicas_updated{${eks-sds_dashboard_tags}}",
                "aggregator": "last",
                "conditional_formats": [
                    {
                        "comparator": ">",
                        "palette": "green_on_white",
                        "value": 0
                    }
                ]
            }
        ],
        "autoscale": true,
        "custom_links": [],
        "precision": 0
    }
},
{
    "id" : 6${eks-sds_x_axis_intial_value},
    "layout": {
      "x": ${eks-sds_x_axis_intial_value},
      "y": 90,
      "width": 12,
      "height": 14
    },
    "definition": {
        "title": "Unavailable",
        "title_size": "16",
        "title_align": "left",
        "type": "query_value",
        "requests": [
            {
                "q": "sum:kubernetes_state.deployment.replicas_unavailable{${eks-sds_dashboard_tags}}",
                "aggregator": "last",
                "conditional_formats": [
                    {
                        "comparator": ">",
                        "palette": "red_on_white",
                        "value": 0
                    },
                    {
                        "comparator": "<=",
                        "palette": "green_on_white",
                        "value": 0
                    }
                ]
            }
        ],
        "autoscale": true,
        "custom_links": [],
        "precision": 0
    }
},
{
    "id" : 7${eks-sds_x_axis_intial_value},
    "layout": {
      "x": ${eks-sds_x_axis_intial_value},
      "y": 105,
      "width": 12,
      "height": 14
    },
    "definition": {
        "title": "Desired Not Available",
        "title_size": "16",
        "title_align": "left",
        "type": "query_value",
        "requests": [
            {
                "q": "sum:kubernetes_state.deployment.replicas_desired{${eks-sds_dashboard_tags}}-sum:kubernetes_state.deployment.replicas_available{${eks-sds_dashboard_tags}}",
                "aggregator": "last",
                "conditional_formats": [
                    {
                        "comparator": ">",
                        "palette": "red_on_white",
                        "value": 0
                    },
                    {
                        "comparator": "<=",
                        "palette": "green_on_white",
                        "value": 0
                    }
                ]
            }
        ],
        "autoscale": true,
        "custom_links": [],
        "precision": 0
    }
},
{
    "id" : 8${eks-sds_x_axis_intial_value},
    "layout": {
      "x": ${eks-sds_x_axis_intial_value},
      "y": 120,
      "width": 12,
      "height": 14
    },
    "definition": {
        "title": "Outdated",
        "title_size": "16",
        "title_align": "left",
        "type": "query_value",
        "requests": [
            {
                "q": "sum:kubernetes_state.deployment.replicas{${eks-sds_dashboard_tags}}-sum:kubernetes_state.deployment.replicas_updated{${eks-sds_dashboard_tags}}",
                "aggregator": "last",
                "conditional_formats": [
                    {
                        "comparator": ">=",
                        "palette": "yellow_on_white",
                        "value": 0
                    }
                ]
            }
        ],
        "autoscale": true,
        "custom_links": [],
        "precision": 0
    }
},
{
    "id" : 9${eks-sds_x_axis_intial_value},
    "layout": {
      "x": ${eks-sds_x_axis_intial_value},
      "y": 135,
      "width": 12,
      "height": 14
    },
    "definition": {
        "title": "Services",
        "title_size": "16",
        "title_align": "left",
        "type": "query_value",
        "requests": [
            {
                "q": "sum:kubernetes_state.service.count{${eks-sds_dashboard_tags}}",
                "aggregator": "avg"
            }
        ],
        "custom_links": [],
        "precision": 0
    }
},
{
    "id" : 10${eks-sds_x_axis_intial_value},
    "layout": {
      "x": ${eks-sds_x_axis_intial_value},
      "y": 150,
      "width": 12,
      "height": 14
    },
    "definition": {
        "title": "DaemonSets",
        "title_size": "16",
        "title_align": "left",
        "type": "query_value",
        "requests": [
            {
                "q": "count_nonzero(avg:kubernetes_state.daemonset.desired{${eks-sds_dashboard_tags}} by {cluster_name,kube_namespace,kube_daemon_set})",
                "aggregator": "avg"
            }
        ],
        "custom_links": [],
        "precision": 0
    }
},
{
    "id" : 11${eks-sds_x_axis_intial_value},
    "layout": {
      "x": ${eks-sds_x_axis_intial_value},
      "y": 165,
      "width": 12,
      "height": 14
    },
    "definition": {
        "title": "Pods",
        "title_size": "16",
        "title_align": "left",
        "type": "query_value",
        "requests": [
            {
                "q": "sum:kubernetes.pods.running{${eks-sds_dashboard_tags}}",
                "aggregator": "avg"
            }
        ],
        "custom_links": [],
        "precision": 0
    }
},
{
    "id" : 12${eks-sds_x_axis_intial_value},
    "layout": {
      "x": ${eks-sds_x_axis_intial_value},
      "y": 180,
      "width": 12,
      "height": 14
    },
    "definition": {
        "title": "Containers",
        "title_size": "16",
        "title_align": "left",
        "type": "query_value",
        "requests": [
            {
                "q": "sum:kubernetes.containers.running{${eks-sds_dashboard_tags}}",
                "aggregator": "avg"
            }
        ],
        "custom_links": [],
        "precision": 0
    }
},
{
    "id" : 1${eks-sds_x0},
    "layout": {
      "x": ${eks-sds_x0},
      "y": ${eks-sds_y_axis_intial_value},
      "width": ${eks-sds_resource_panel_width},
      "height": ${eks-sds_resource_panel_height}
    },
    "definition": {
      "type": "note",
      "content": "Deployment",
      "background_color": "vivid_green",
      "font_size": "18",
      "text_align": "center",
      "show_tick": true,
      "tick_pos": "50%",
      "tick_edge": "bottom"
    }
},
{
    "id" : 2${eks-sds_x0},
    "layout": {
      "x": ${eks-sds_x0},
      "y": ${eks-sds_widget1_y},
      "width": ${eks-sds_metrics_panel_width},
      "height": ${eks-sds_metrics_panel_height}
    },
    "definition": {
        "title": "CPU Usage by Deployment",
        "title_size": "16",
        "title_align": "left",
        "show_legend": true,
        "legend_size": "0",
        "type": "timeseries",
        "requests": [
            {
                "q": "sum:kubernetes.cpu.usage.total{${eks-sds_dashboard_tags}} by {kube_cluster_name,kube_namespace,kube_deployment}",
                "style": {
                    "palette": "dog_classic",
                    "line_type": "solid",
                    "line_width": "normal"
                },
                "display_type": "line"
            }
        ],
        "yaxis": {
            "include_zero": true,
            "scale": "linear",
            "label": "",
            "min": "auto",
            "max": "auto"
        },
        "right_yaxis": {
            "scale": "linear",
            "label": "",
            "min": "auto",
            "max": "auto"
        },
        "custom_links": []
    }
},
{
    "id" : 3${eks-sds_x0},
    "layout": {
      "x": ${eks-sds_x0},
      "y": ${eks-sds_widget2_y},
      "width": ${eks-sds_metrics_panel_width},
      "height": ${eks-sds_metrics_panel_height}
    },
    "definition": {
        "title": "Memory Usage by Deployment",
        "title_size": "16",
        "title_align": "left",
        "show_legend": true,
        "legend_size": "0",
        "type": "timeseries",
        "requests": [
            {
                "q": "avg:kubernetes.memory.usage{${eks-sds_dashboard_tags}} by {kube_deployment,kube_namespace,kube_cluster_name}",
                "style": {
                    "palette": "dog_classic",
                    "line_type": "solid",
                    "line_width": "normal"
                },
                "display_type": "line"
            }
        ],
        "yaxis": {
            "include_zero": true,
            "scale": "linear",
            "label": "",
            "min": "auto",
            "max": "auto"
        },
        "right_yaxis": {
            "scale": "linear",
            "label": "",
            "min": "auto",
            "max": "auto"
        },
        "custom_links": []
    }
},
{
    "id" : 4${eks-sds_x0},
    "layout": {
      "x": ${eks-sds_x0},
      "y": ${eks-sds_widget3_y},
      "width": ${eks-sds_metrics_panel_width},
      "height": ${eks-sds_metrics_panel_height}
    },
    "definition": {
        "title": "Network Usage (Rx / Tx rate) by Deployment",
        "title_size": "16",
        "title_align": "left",
        "show_legend": true,
        "legend_size": "0",
        "type": "timeseries",
        "requests": [
            {
                "q": "sum:kubernetes.network.rx_bytes{${eks-sds_dashboard_tags}} by {kube_deployment,kube_namespace,kube_cluster_name}, sum:kubernetes.network.tx_bytes{$kube_namespace,$kube_deployment,$scope,$kube_cluster_name} by {kube_deployment,kube_namespace,kube_cluster_name}",
                "style": {
                    "palette": "dog_classic",
                    "line_type": "solid",
                    "line_width": "normal"
                },
                "display_type": "line"
            }
        ],
        "yaxis": {
            "include_zero": true,
            "scale": "linear",
            "label": "",
            "min": "auto",
            "max": "auto"
        },
        "custom_links": []
    }
},
{
    "id" : 5${eks-sds_x0},
    "layout": {
      "x": ${eks-sds_x0},
      "y": ${eks-sds_widget4_y},
      "width": ${eks-sds_metrics_panel_width},
      "height": ${eks-sds_metrics_panel_height}
    },
    "definition": {
        "title": "Network Errors by Deployment",
        "title_size": "16",
        "title_align": "left",
        "show_legend": true,
        "legend_size": "0",
        "type": "timeseries",
        "requests": [
            {
                "q": "sum:kubernetes.network.rx_errors{${eks-sds_dashboard_tags}} by {kube_deployment,kube_namespace,kube_cluster_name}, sum:kubernetes.network.tx_errors{$kube_namespace,$kube_deployment,$scope,$kube_cluster_name} by {kube_deployment,kube_namespace,kube_cluster_name}",
                "style": {
                    "palette": "dog_classic",
                    "line_type": "solid",
                    "line_width": "normal"
                },
                "display_type": "line"
            }
        ],
        "yaxis": {
            "include_zero": true,
            "scale": "linear",
            "label": "",
            "min": "auto",
            "max": "auto"
        },
        "right_yaxis": {
            "scale": "linear",
            "label": "",
            "min": "auto",
            "max": "auto"
        },
        "markers": [
            {
                "label": "y = 0",
                "value": "y = 0",
                "display_type": "ok dashed"
            }
        ],
        "custom_links": []
    }
},
{
    "id" : 6${eks-sds_x0},
    "layout": {
      "x": ${eks-sds_x0},
      "y": ${eks-sds_widget5_y},
      "width": ${eks-sds_metrics_panel_width},
      "height": ${eks-sds_metrics_panel_height}
    },
    "definition": {
        "title": "Disk Usage by Deployment",
        "title_size": "16",
        "title_align": "left",
        "show_legend": true,
        "legend_size": "0",
        "type": "timeseries",
        "requests": [
            {
                "q": "sum:kubernetes.filesystem.usage{${eks-sds_dashboard_tags}} by {kube_deployment,kube_namespace,kube_cluster_name}",
                "style": {
                    "palette": "dog_classic",
                    "line_type": "solid",
                    "line_width": "normal"
                },
                "display_type": "line"
            }
        ],
        "yaxis": {
            "include_zero": true,
            "scale": "linear",
            "label": "",
            "min": "auto",
            "max": "auto"
        },
        "right_yaxis": {
            "scale": "linear",
            "label": "",
            "min": "auto",
            "max": "auto"
        },
        "custom_links": []
    }
},
{
    "id" : 7${eks-sds_x0},
    "layout": {
      "x": ${eks-sds_x0},
      "y": ${eks-sds_widget6_y},
      "width": ${eks-sds_metrics_panel_width},
      "height": ${eks-sds_metrics_panel_height}
    },
    "definition": {
        "title": "Disk Usage % by Deployment",
        "title_size": "16",
        "title_align": "left",
        "show_legend": true,
        "legend_size": "0",
        "type": "timeseries",
        "requests": [
            {
                "q": "sum:kubernetes.filesystem.usage_pct{${eks-sds_dashboard_tags}} by {kube_deployment,kube_namespace,kube_cluster_name}*100",
                "style": {
                    "palette": "dog_classic",
                    "line_type": "solid",
                    "line_width": "normal"
                },
                "display_type": "line"
            }
        ],
        "yaxis": {
            "include_zero": true,
            "scale": "linear",
            "label": "",
            "min": "auto",
            "max": "auto"
        },
        "right_yaxis": {
            "scale": "linear",
            "label": "",
            "min": "auto",
            "max": "auto"
        },
        "markers": [
            {
                "label": " 100% ",
                "value": "y = 100",
                "display_type": "error dashed"
            }
        ],
        "custom_links": []
    }
},
{
    "id" : 17${eks-sds_x1},
    "layout": {
      "x": ${eks-sds_x1},
      "y": ${eks-sds_y_axis_intial_value},
      "width": ${eks-sds_resource_panel_width},
      "height": ${eks-sds_resource_panel_height}
    },
    "definition": {
      "type": "note",
      "content": "Pods",
      "background_color": "vivid_green",
      "font_size": "18",
      "text_align": "center",
      "show_tick": true,
      "tick_pos": "50%",
      "tick_edge": "bottom"
    }
},
{
    "id" : 18${eks-sds_x1},
    "layout": {
      "x": ${eks-sds_x1},
      "y": ${eks-sds_widget1_y},
      "width": ${eks-sds_metrics_panel_width},
      "height": ${eks-sds_metrics_panel_height}
    },
    "definition": {
        "title": "Running pods per namespace",
        "title_size": "16",
        "title_align": "left",
        "show_legend": false,
        "legend_size": "0",
        "type": "timeseries",
        "requests": [
            {
                "q": "sum:kubernetes.pods.running{${eks-sds_dashboard_tags}} by {cluster_name,kube_namespace}",
                "style": {
                    "palette": "dog_classic",
                    "line_type": "solid",
                    "line_width": "normal"
                },
                "display_type": "area"
            }
        ],
        "yaxis": {
            "include_zero": true,
            "scale": "linear",
            "label": "",
            "min": "auto",
            "max": "auto"
        },
        "custom_links": []
    }
},
{
    "id" : 19${eks-sds_x1},
    "layout": {
      "x": ${eks-sds_x1},
      "y": ${eks-sds_widget2_y},
      "width": ${eks-sds_metrics_panel_width},
      "height": ${eks-sds_metrics_panel_height}
    },
    "definition": {
        "title": "Pods in bad phase by namespaces",
        "title_size": "16",
        "title_align": "left",
        "type": "toplist",
        "requests": [
            {
                "q": "top(sum:kubernetes_state.pod.status_phase{${eks-sds_dashboard_tags},!phase:running,!phase:succeeded} by {cluster_name,kube_namespace,phase}, 100, 'last', 'desc')",
                "conditional_formats": [
                    {
                        "comparator": ">",
                        "palette": "white_on_red",
                        "value": 0
                    },
                    {
                        "comparator": "<=",
                        "palette": "white_on_green",
                        "value": 0
                    }
                ]
            }
        ],
        "custom_links": []
    }
},
{
    "id" : 20${eks-sds_x1},
    "layout": {
      "x": ${eks-sds_x1},
      "y": ${eks-sds_widget3_y},
      "width": ${eks-sds_metrics_panel_width},
      "height": ${eks-sds_metrics_panel_height}
    },
    "definition": {
        "title": "Running pods per node",
        "title_size": "16",
        "title_align": "left",
        "show_legend": false,
        "type": "timeseries",
        "requests": [
            {
                "q": "sum:kubernetes.pods.running{${eks-sds_dashboard_tags}} by {host}",
                "style": {
                    "palette": "dog_classic",
                    "line_type": "solid",
                    "line_width": "normal"
                },
                "display_type": "area"
            }
        ],
        "yaxis": {
            "include_zero": true,
            "scale": "linear",
            "label": "",
            "min": "auto",
            "max": "auto"
        },
        "custom_links": []
    }
},
{
    "id" : 21${eks-sds_x2},
    "layout": {
      "x": ${eks-sds_x2},
      "y": ${eks-sds_y_axis_intial_value},
      "width": ${eks-sds_resource_panel_width},
      "height": ${eks-sds_resource_panel_height}
    },
    "definition": {
      "type": "note",
      "content": "Replicas",
      "background_color": "vivid_green",
      "font_size": "18",
      "text_align": "center",
      "show_tick": true,
      "tick_pos": "50%",
      "tick_edge": "bottom"
    }
},
{
    "id" : 22${eks-sds_x2},
    "layout": {
      "x": ${eks-sds_x2},
      "y": ${eks-sds_widget1_y},
      "width": ${eks-sds_metrics_panel_width},
      "height": ${eks-sds_metrics_panel_height}
    },
    "definition": {
        "title": "Replicas Per Deployment",
        "title_size": "16",
        "title_align": "left",
        "show_legend": false,
        "legend_size": "0",
        "type": "timeseries",
        "requests": [
            {
                "q": "sum:kubernetes_state.deployment.replicas{${eks-sds_dashboard_tags}} by {deployment}",
                "style": {
                    "palette": "dog_classic",
                    "line_type": "solid",
                    "line_width": "normal"
                },
                "display_type": "area"
            }
        ],
        "yaxis": {
            "include_zero": true,
            "scale": "linear",
            "label": "",
            "min": "auto",
            "max": "auto"
        },
        "custom_links": []
    }
},
{
    "id" : 23${eks-sds_x2},
    "layout": {
      "x": ${eks-sds_x2},
      "y": ${eks-sds_widget2_y},
      "width": ${eks-sds_metrics_panel_width},
      "height": ${eks-sds_metrics_panel_height}
    },
    "definition": {
        "title": "Replicas Available",
        "title_size": "16",
        "title_align": "left",
        "show_legend": false,
        "legend_size": "0",
        "type": "timeseries",
        "requests": [
            {
                "q": "sum:kubernetes_state.deployment.replicas_available{${eks-sds_dashboard_tags}} by {deployment}",
                "style": {
                    "palette": "green",
                    "line_type": "solid",
                    "line_width": "normal"
                },
                "display_type": "area"
            }
        ],
        "yaxis": {
            "include_zero": true,
            "scale": "linear",
            "label": "",
            "min": "auto",
            "max": "auto"
        },
        "custom_links": []
    }
},
{
    "id" : 24${eks-sds_x2},
    "layout": {
      "x": ${eks-sds_x2},
      "y": ${eks-sds_widget3_y},
      "width": ${eks-sds_metrics_panel_width},
      "height": ${eks-sds_metrics_panel_height}
    },
    "definition": {
        "title": "Replicas Desired",
        "title_size": "16",
        "title_align": "left",
        "show_legend": false,
        "legend_size": "0",
        "type": "timeseries",
        "requests": [
            {
                "q": "sum:kubernetes_state.deployment.replicas_desired{${eks-sds_dashboard_tags}} by {deployment}",
                "style": {
                    "palette": "cool",
                    "line_type": "solid",
                    "line_width": "normal"
                },
                "display_type": "area"
            }
        ],
        "yaxis": {
            "include_zero": true,
            "scale": "linear",
            "label": "",
            "min": "auto",
            "max": "auto"
        },
        "custom_links": []
    }
},
{
    "id" : 25${eks-sds_x2},
    "layout": {
      "x": ${eks-sds_x2},
      "y": ${eks-sds_widget4_y},
      "width": ${eks-sds_metrics_panel_width},
      "height": ${eks-sds_metrics_panel_height}
    },
    "definition": {
        "title": "Replicas Updated",
        "title_size": "16",
        "title_align": "left",
        "show_legend": false,
        "legend_size": "0",
        "type": "timeseries",
        "requests": [
            {
                "q": "sum:kubernetes_state.deployment.replicas_updated{${eks-sds_dashboard_tags}} by {deployment}",
                "style": {
                    "palette": "dog_classic",
                    "line_type": "solid",
                    "line_width": "normal"
                },
                "display_type": "area"
            }
        ],
        "yaxis": {
            "include_zero": true,
            "scale": "linear",
            "label": "",
            "min": "auto",
            "max": "auto"
        },
        "right_yaxis": {
            "scale": "linear",
            "label": "",
            "min": "auto",
            "max": "auto"
        },
        "custom_links": []
    }
},
{
    "id" : 26${eks-sds_x2},
    "layout": {
      "x": ${eks-sds_x2},
      "y": ${eks-sds_widget5_y},
      "width": ${eks-sds_metrics_panel_width},
      "height": ${eks-sds_metrics_panel_height}
    },
    "definition": {
        "title": "Replicas Unavailable",
        "title_size": "16",
        "title_align": "left",
        "show_legend": false,
        "legend_size": "0",
        "type": "timeseries",
        "requests": [
            {
                "q": "sum:kubernetes_state.deployment.replicas_unavailable{${eks-sds_dashboard_tags}} by {kube_cluster_name,kube_namespace,kube_deployment}",
                "style": {
                    "palette": "orange",
                    "line_type": "solid",
                    "line_width": "normal"
                },
                "display_type": "area"
            }
        ],
        "yaxis": {
            "include_zero": true,
            "scale": "linear",
            "label": "",
            "min": "auto",
            "max": "auto"
        },
        "right_yaxis": {
            "scale": "linear",
            "label": "",
            "min": "auto",
            "max": "auto"
        },
        "custom_links": []
    }
},
{
    "id" : 27${eks-sds_x2},
    "layout": {
      "x": ${eks-sds_x2},
      "y": ${eks-sds_widget6_y},
      "width": ${eks-sds_metrics_panel_width},
      "height": ${eks-sds_metrics_panel_height}
    },
    "definition": {
        "title": "Replicas Outdated",
        "title_size": "16",
        "title_align": "left",
        "show_legend": false,
        "legend_size": "0",
        "type": "timeseries",
        "requests": [
            {
                "q": "sum:kubernetes_state.deployment.replicas{${eks-sds_dashboard_tags}} by {deployment}-sum:kubernetes_state.deployment.replicas_updated{${eks-sds_dashboard_tags}} by {deployment}",
                "style": {
                    "palette": "orange",
                    "line_type": "solid",
                    "line_width": "normal"
                },
                "display_type": "area"
            }
        ],
        "yaxis": {
            "include_zero": true,
            "scale": "linear",
            "label": "",
            "min": "auto",
            "max": "auto"
        },
        "markers": [
            {
                "label": "y = 0",
                "value": "y = 0",
                "display_type": "ok dashed"
            }
        ],
        "custom_links": []
    }
},
{
    "id" : 28${eks-sds_x2},
    "layout": {
      "x": ${eks-sds_x2},
      "y": ${eks-sds_widget7_y},
      "width": ${eks-sds_metrics_panel_width},
      "height": ${eks-sds_metrics_panel_height}
    },
    "definition": {
        "title": "Replicas Desired but Not Available",
        "title_size": "16",
        "title_align": "left",
        "show_legend": false,
        "legend_size": "0",
        "type": "timeseries",
        "requests": [
            {
                "q": "sum:kubernetes_state.deployment.replicas_desired{${eks-sds_dashboard_tags}} by {deployment}-sum:kubernetes_state.deployment.replicas_available{${eks-sds_dashboard_tags}} by {deployment}",
                "style": {
                    "palette": "dog_classic",
                    "line_type": "solid",
                    "line_width": "normal"
                },
                "display_type": "area"
            }
        ],
        "yaxis": {
            "include_zero": true,
            "scale": "linear",
            "label": "",
            "min": "auto",
            "max": "auto"
        },
        "right_yaxis": {
            "scale": "linear",
            "label": "",
            "min": "auto",
            "max": "auto"
        },
        "custom_links": []
    }
},
{
    "id" : 29${eks-sds_x2},
    "layout": {
      "x": ${eks-sds_x2},
      "y": ${eks-sds_widget8_y},
      "width": ${eks-sds_metrics_panel_width},
      "height": ${eks-sds_metrics_panel_height}
    },
    "definition": {
        "title": "Max Unavailable Replicas in Rolling Update (spec strategy)",
        "title_size": "16",
        "title_align": "left",
        "show_legend": false,
        "legend_size": "0",
        "type": "timeseries",
        "requests": [
            {
                "q": "sum:kubernetes_state.deployment.rollingupdate.max_unavailable{${eks-sds_dashboard_tags}} by {deployment}",
                "style": {
                    "palette": "warm",
                    "line_type": "solid",
                    "line_width": "normal"
                },
                "display_type": "area"
            }
        ],
        "yaxis": {
            "include_zero": true,
            "scale": "linear",
            "label": "",
            "min": "auto",
            "max": "auto"
        },
        "custom_links": []
    }
}