{   
    "id" : 1${x},
    "layout": {
        "x": ${x},
        "y": ${y_axis_intial_value},
        "width": ${resource_panel_width},
        "height": ${resource_panel_height}
    },
    "definition": {
        "type": "note",
        "content": "${gce_instance_dashboard_tags}",
        "background_color": "vivid_green",
        "font_size": "16",
        "text_align": "center",
        "show_tick": true,
        "tick_pos": "50%",
        "tick_edge": "bottom"
    }
},
{
    "id" : 2${x},
    "layout": {
        "x": ${x},
        "y": ${widget1_y},
        "width": ${metrics_panel_width},
        "height": ${metrics_panel_height}
    },
    "definition": {
        "title": "Uptime",
        "title_size": "16",
        "title_align": "left",
        "show_legend": false,
        "legend_size": "0",
        "legend_layout": "vertical",
        "legend_columns": [
            "value",
            "avg",
            "sum",
            "min",
            "max"
        ],
        "type": "timeseries",
        "requests": [
            {
                "q": "max:gcp.gce.instance.uptime{${gce_instance_dashboard_tags}} by {instance_name}",
                "on_right_yaxis": false,
                "metadata": [
                    {
                        "expression": "max:gcp.gce.instance.uptime{${gce_instance_dashboard_tags}} by {instance_name}",
                        "alias_name": "Uptiime"
                    }
                ],
                "style": {
                    "palette": "cool",
                    "line_type": "solid",
                    "line_width": "normal"
                },
                "display_type": "line"
            }
        ],
        "yaxis": {
            "scale": "linear",
            "include_zero": true,
            "min": "auto",
            "max": "auto"
        }
    }
},
{
    "id" : 3${x},
    "layout": {
        "x": ${x},
        "y": ${widget2_y},
        "width": ${metrics_panel_width},
        "height": ${metrics_panel_height}
    },
    "definition": {
        "title": "Disk Read/Write Ops",
        "title_size": "16",
        "title_align": "left",
        "show_legend": false,
        "legend_size": "0",
        "legend_layout": "vertical",
        "legend_columns": [
            "value",
            "avg",
            "sum",
            "min",
            "max"
        ],
        "type": "timeseries",
        "requests": [
            {
                "q": "sum:gcp.gce.instance.disk.read_ops_count{${gce_instance_dashboard_tags}}by {instance_name}",
                "on_right_yaxis": false,
                "metadata": [
                    {
                        "expression": "sum:gcp.gce.instance.disk.read_ops_count{${gce_instance_dashboard_tags}} by {instance_name}",
                        "alias_name": "Read Ops"
                    }
                ],
                "style": {
                    "palette": "cool",
                    "line_type": "solid",
                    "line_width": "normal"
                },
                "display_type": "line"
            },
            {
                "q": "sum:gcp.gce.instance.disk.write_ops_count{${gce_instance_dashboard_tags}}by {instance_name}",
                "on_right_yaxis": false,
                "metadata": [
                    {
                        "expression": "sum:gcp.gce.instance.disk.write_ops_count{${gce_instance_dashboard_tags}} by {instance_name}",
                        "alias_name": "Write Ops"
                    }
                ],
                "style": {
                    "palette": "cool",
                    "line_type": "solid",
                    "line_width": "normal"
                },
                "display_type": "line"
            }
        ],
        "yaxis": {
            "scale": "linear",
            "include_zero": true,
            "min": "auto",
            "max": "auto"
        }
    }
},
{
    "id" : 4${x},
    "layout": {
        "x": ${x},
        "y": ${widget3_y},
        "width": ${metrics_panel_width},
        "height": ${metrics_panel_height}
    },
    "definition": {
        "title": "Network Sent/Recieve Bytes",
        "title_size": "16",
        "title_align": "left",
        "show_legend": false,
        "legend_size": "0",
        "legend_layout": "vertical",
        "legend_columns": [
            "value",
            "avg",
            "sum",
            "min",
            "max"
        ],
        "type": "timeseries",
        "requests": [
            {
                "q": "sum:gcp.gce.instance.network.sent_bytes_count{${gce_instance_dashboard_tags}} by {instance_name}.as_count()",
                "on_right_yaxis": false,
                "metadata": [
                    {
                        "expression": "sum:gcp.gce.instance.network.sent_bytes_count{${gce_instance_dashboard_tags}} by {instance_name}.as_count()",
                        "alias_name": "Network Sent Bytes"
                    }
                ],
                "style": {
                    "palette": "cool",
                    "line_type": "solid",
                    "line_width": "normal"
                },
                "display_type": "line"
            },
            {
                "q": "sum:gcp.gce.instance.network.received_bytes_count{${gce_instance_dashboard_tags}} by {instance_name}.as_count()",
                "on_right_yaxis": false,
                "metadata": [
                    {
                        "expression": "sum:gcp.gce.instance.network.received_bytes_count{${gce_instance_dashboard_tags}} by {instance_name}.as_count()",
                        "alias_name": "Network Recieve Bytes"
                    }
                ],
                "style": {
                    "palette": "cool",
                    "line_type": "solid",
                    "line_width": "normal"
                },
                "display_type": "line"
            }
        ],
        "yaxis": {
            "scale": "linear",
            "include_zero": true,
            "min": "auto",
            "max": "auto"
        }
    }
},
{
    "id" : 5${x},
    "layout": {
        "x": ${x},
        "y": ${widget4_y},
        "width": ${metrics_panel_width},
        "height": ${metrics_panel_height}
    },
    "definition": {
        "title": "Running Status",
        "title_size": "16",
        "title_align": "left",
        "show_legend": false,
        "legend_size": "0",
        "legend_layout": "vertical",
        "legend_columns": [
            "value",
            "avg",
            "sum",
            "min",
            "max"
        ],
        "type": "timeseries",
        "requests": [
            {
                "q": "max:gcp.gce.instance.is_running{${gce_instance_dashboard_tags}} by {name}",
                "on_right_yaxis": false,
                "metadata": [
                    {
                        "expression": "max:gcp.gce.instance.is_running{${gce_instance_dashboard_tags}} by {name}",
                        "alias_name": "Running Status"
                    }
                ],
                "style": {
                    "palette": "cool",
                    "line_type": "solid",
                    "line_width": "normal"
                },
                "display_type": "line"
            }
        ],
        "yaxis": {
            "scale": "linear",
            "include_zero": true,
            "min": "auto",
            "max": "auto"
        }
    }
},
{
    "id" : 6${x},
    "layout": {
        "x": ${x},
        "y": ${widget5_y},
        "width": ${metrics_panel_width},
        "height": ${metrics_panel_height}
    },
    "definition": {
        "title": "CPU Utilization",
        "title_size": "16",
        "title_align": "left",
        "show_legend": false,
        "legend_size": "0",
        "legend_layout": "vertical",
        "legend_columns": [
            "value",
            "avg",
            "sum",
            "min",
            "max"
        ],
        "type": "timeseries",
        "requests": [
            {
                "q": "sum:gcp.gce.instance.cpu.utilization{${gce_instance_dashboard_tags}} by {instance_name}",
                "on_right_yaxis": false,
                "metadata": [
                    {
                        "expression": "sum:gcp.gce.instance.cpu.utilization{${gce_instance_dashboard_tags}} by {instance_name}",
                        "alias_name": "CPU Utilization"
                    }
                ],
                "style": {
                    "palette": "cool",
                    "line_type": "solid",
                    "line_width": "normal"
                },
                "display_type": "line"
            }
        ],
        "yaxis": {
            "scale": "linear",
            "include_zero": true,
            "min": "auto",
            "max": "auto"
        },
        "markers": [
            {
                "label": "y = 90",
                "value": "y = 90",
                "display_type": "error dashed"
            }
        ]
    }
},
{
    "id" : 7${x},
    "layout": {
        "x": ${x},
        "y": ${widget6_y},
        "width": ${metrics_panel_width},
        "height": ${metrics_panel_height}
    },
    "definition": {
        "title": "Memory Utilization",
        "title_size": "16",
        "title_align": "left",
        "show_legend": false,
        "legend_size": "0",
        "legend_layout": "vertical",
        "legend_columns": [
            "value",
            "avg",
            "sum",
            "min",
            "max"
        ],
        "type": "timeseries",
        "requests": [
            {
                "q": "sum:system.mem.used{${gce_instance_dashboard_tags}} by {host}",
                "on_right_yaxis": false,
                "metadata": [
                    {
                        "expression": "sum:system.mem.used{${gce_instance_dashboard_tags}} by {host}",
                        "alias_name": "Memory Utilization"
                    }
                ],
                "style": {
                    "palette": "cool",
                    "line_type": "solid",
                    "line_width": "normal"
                },
                "display_type": "line"
            }
        ],
        "yaxis": {
            "scale": "linear",
            "include_zero": true,
            "min": "auto",
            "max": "auto"
        }
    }
},
{
    "id" : 8${x},
    "layout": {
        "x": ${x},
        "y": ${widget7_y},
        "width": ${metrics_panel_width},
        "height": ${metrics_panel_height}
    },
    "definition": {
        "title": "Disk Utilization",
        "title_size": "16",
        "title_align": "left",
        "show_legend": false,
        "legend_size": "0",
        "legend_layout": "vertical",
        "legend_columns": [
            "value",
            "avg",
            "sum",
            "min",
            "max"
        ],
        "type": "timeseries",
        "requests": [
            {
                "q": "sum:system.disk.used{${gce_instance_dashboard_tags}} by {host}",
                "on_right_yaxis": false,
                "metadata": [
                    {
                        "expression": "sum:system.disk.used{${gce_instance_dashboard_tags}} by {host}",
                        "alias_name": "Disk Utilization"
                    }
                ],
                "style": {
                    "palette": "cool",
                    "line_type": "solid",
                    "line_width": "normal"
                },
                "display_type": "line"
            }
        ],
        "yaxis": {
            "scale": "linear",
            "include_zero": true,
            "min": "auto",
            "max": "auto"
        }
    }
}