{
    "id": 1,
    "layout": {
        "x": 0,
        "y": 6,
        "width": 70,
        "height": 24
    },
    "definition": {
        "title": "Login attempts",
        "title_size": "16",
        "title_align": "left",
        "show_legend": false,
        "legend_size": "0",
        "type": "timeseries",
        "requests": [
            {
                "q": "sum:snowflake.logins.fail.count{${snowflake_dashboard_tags}}.as_count(), sum:snowflake.logins.success.count{${snowflake_dashboard_account_tags}}.as_count()",
                "on_right_yaxis": false,
                "style": {
                    "palette": "dog_classic",
                    "line_type": "solid",
                    "line_width": "normal"
                },
                "display_type": "bars"
            }
        ],
        "yaxis": {
            "include_zero": true,
            "scale": "linear",
            "label": "",
            "min": "auto",
            "max": "auto"
        },
        "custom_links": []
    }
},
{
    "id": 2,
    "layout": {
        "x": 0.0625,
        "y": 0,
        "width": 70,
        "height": 5
    },
    "definition": {
        "type": "note",
        "content": "Logins",
        "background_color": "vivid_blue",
        "font_size": "18",
        "text_align": "center",
        "show_tick": false,
        "tick_pos": "50%",
        "tick_edge": "bottom"
    }
},
{
    "id": 16,
    "layout": {
        "x": 71,
        "y": 0,
        "width": 70,
        "height": 5
    },
    "definition": {
        "type": "note",
        "content": "Query",
        "background_color": "vivid_blue",
        "font_size": "18",
        "text_align": "center",
        "show_tick": false,
        "tick_pos": "50%",
        "tick_edge": "bottom"
    }
},
{
    "id": 17,
    "layout": {
        "x": 0.08333333333333326,
        "y": 32,
        "width": 70,
        "height": 5
    },
    "definition": {
        "type": "note",
        "content": "Warehouse load",
        "background_color": "blue",
        "font_size": "18",
        "text_align": "center",
        "show_tick": false,
        "tick_pos": "50%",
        "tick_edge": "bottom"
    }
},
{
    "id": 18,
    "layout": {
        "x": 0,
        "y": 38,
        "width": 70,
        "height": 27
    },
    "definition": {
        "title": "Queries not executed by reason",
        "title_size": "16",
        "title_align": "left",
        "type": "query_table",
        "requests": [
            {
                "q": "avg:snowflake.query.blocked{${snowflake_dashboard_tags}} by {warehouse}",
                "aggregator": "avg",
                "alias": "Blocked by transaction lock"
            },
            {
                "q": "avg:snowflake.query.queued_overload{${snowflake_dashboard_tags}} by {warehouse}",
                "aggregator": "avg",
                "alias": "queued due to warehouse overload"
            },
            {
                "q": "avg:snowflake.query.queued_provision{${snowflake_dashboard_tags}} by {warehouse}",
                "aggregator": "avg",
                "limit": 50,
                "order": "desc",
                "alias": "queued due to provisioning"
            }
        ],
        "custom_links": []
    }
},
{
    "id": 19,
    "layout": {
        "x": 71,
        "y": 6,
        "width": 70,
        "height": 5
    },
    "definition": {
        "type": "note",
        "content": "Query metrics",
        "background_color": "blue",
        "font_size": "18",
        "text_align": "center",
        "show_tick": false,
        "tick_pos": "50%",
        "tick_edge": "bottom"
    }
},
{
    "id": 20,
    "layout": {
        "x": 106,
        "y": 43,
        "width": 34,
        "height": 18
    },
    "definition": {
        "title": "Query execution vs compilation time",
        "title_size": "16",
        "title_align": "left",
        "show_legend": false,
        "legend_size": "0",
        "type": "timeseries",
        "requests": [
            {
                "q": "avg:snowflake.query.execution_time{${snowflake_dashboard_tags}}, avg:snowflake.query.compilation_time{${snowflake_dashboard_tags}}",
                "on_right_yaxis": false,
                "style": {
                    "palette": "cool",
                    "line_type": "solid",
                    "line_width": "normal"
                },
                "display_type": "area"
            }
        ],
        "yaxis": {
            "include_zero": true,
            "scale": "linear",
            "label": "",
            "min": "auto",
            "max": "auto"
        }
    }
},
{
    "id": 21,
    "layout": {
        "x": 71,
        "y": 43,
        "width": 34,
        "height": 18
    },
    "definition": {
        "title": "Average queries executed",
        "title_size": "16",
        "title_align": "left",
        "show_legend": false,
        "legend_size": "0",
        "type": "timeseries",
        "requests": [
            {
                "q": "avg:snowflake.query.executed{${snowflake_dashboard_tags}}",
                "on_right_yaxis": false,
                "style": {
                    "palette": "cool",
                    "line_type": "solid",
                    "line_width": "normal"
                },
                "display_type": "area"
            }
        ],
        "yaxis": {
            "include_zero": true,
            "scale": "linear",
            "label": "",
            "min": "auto",
            "max": "auto"
        }
    }
},
{
    "id": 25,
    "layout": {
        "x": 71,
        "y": 12,
        "width": 70,
        "height": 30
    },
    "definition": {
        "title": "Top queries scanned",
        "title_size": "16",
        "title_align": "left",
        "type": "query_table",
        "requests": [
            {
                "q": "top(avg:snowflake.query.bytes_scanned{${snowflake_dashboard_tags}} by {query_type,database,schema,warehouse}, 10, 'mean', 'desc')",
                "aggregator": "avg",
                "limit": 10,
                "order": "desc",
                "alias": "Average bytes scanned"
            }
        ],
        "custom_links": []
    }
},
{
    "id": 32,
    "layout": {
        "x": 71,
        "y": 62,
        "width": 70,
        "height": 32
    },
    "definition": {
        "title": "Query execution vs compilation time",
        "title_size": "16",
        "title_align": "left",
        "type": "scatterplot",
        "requests": {
            "x": {
                "q": "avg:snowflake.query.compilation_time{${snowflake_dashboard_tags}} by {query_type, warehouse, database, schema}",
                "aggregator": "avg"
            },
            "y": {
                "q": "avg:snowflake.query.execution_time{${snowflake_dashboard_tags}} by {query_type, warehouse, database, schema}",
                "aggregator": "avg"
            }
        },
        "xaxis": {
            "include_zero": true,
            "scale": "linear",
            "label": "",
            "min": "auto",
            "max": "auto"
        },
        "yaxis": {
            "include_zero": true,
            "scale": "linear",
            "label": "",
            "min": "auto",
            "max": "auto"
        },
        "color_by_groups": [
            "warehouse",
            "database",
            "schema"
        ]
    }
}