{
    "id" : 1${nlb_x_odd},
    "layout": {
        "x": ${nlb_x_odd},
        "y": ${nlb_y_axis_intial_value},
        "width": ${nlb_resource_panel_width},
        "height": ${nlb_resource_panel_height}
    },
    "definition": {
        "type": "note",
        "content": "${nlb_dashboard_tags}",
        "background_color": "vivid_green",
        "font_size": "16",
        "text_align": "center",
        "show_tick": true,
        "tick_pos": "50%",
        "tick_edge": "bottom"
    }
},
{
    "id" : 2${nlb_x_odd},
    "layout": {
        "x": ${nlb_x_odd},
        "y": ${nlb_widget1_y},
        "width": ${nlb_metrics_panel_width},
        "height": ${nlb_metrics_panel_height}
      },
    "definition": {
        "title": "Healthy Hosts Count",
        "title_size": "13",
        "title_align": "left",
        "type": "query_value",
        "requests": [
            {
                "q": "sum:aws.networklb.healthy_host_count{${nlb_dashboard_tags}}",
                "aggregator": "last",
                "conditional_formats": [
                    {
                        "hide_value": false,
                        "comparator": "<=",
                        "palette": "red_on_white",
                        "value": 0
                    },
                    {
                        "hide_value": false,
                        "comparator": ">",
                        "palette": "green_on_white",
                        "value": 0
                    }
                ]
            }
        ],
        "autoscale": true,
        "precision": 0
    }
},
{
    "id" : 3${nlb_x_even},
    "layout": {
        "x": ${nlb_x_even},
        "y": ${nlb_widget2_y},
        "width": ${nlb_metrics_panel_width},
        "height": ${nlb_metrics_panel_height}
      },
    "definition": {
        "title": "Unhealthy Hosts Count",
        "title_size": "13",
        "title_align": "left",
        "type": "query_value",
        "requests": [
            {
                "q": "sum:aws.networklb.un_healthy_host_count{${nlb_dashboard_tags}}",
                "aggregator": "last",
                "conditional_formats": [
                    {
                        "hide_value": false,
                        "comparator": ">",
                        "palette": "white_on_red",
                        "value": 0
                    },
                    {
                        "hide_value": false,
                        "comparator": "<=",
                        "palette": "white_on_green",
                        "value": 0
                    }
                ]
            }
        ],
        "autoscale": true,
        "precision": 0
    }
},
{
    "id" : 4${nlb_x_even},
    "layout": {
        "x": ${nlb_x_even},
        "y": ${nlb_widget3_y},
        "width": ${nlb_metrics_panel_width},
        "height": ${nlb_metrics_panel_height}
      },
    "definition": {
        "title": "Processed Bytes",
        "title_size": "13",
        "title_align": "left",
        "type": "query_value",
        "requests": [
            {
                "q": "sum:aws.networkelb.processed_bytes{${nlb_dashboard_tags}}",
                "aggregator": "last",
                "conditional_formats": [
                    {
                        "hide_value": false,
                        "comparator": ">",
                        "palette": "white_on_red",
                        "value": 0
                    },
                    {
                        "hide_value": false,
                        "comparator": "<=",
                        "palette": "white_on_green",
                        "value": 0
                    }
                ]
            }
        ],
        "autoscale": true,
        "precision": 0
    }
},
{
    "id" : 5${nlb_x_even},
    "layout": {
        "x": ${nlb_x_even},
        "y": ${nlb_widget4_y},
        "width": ${nlb_metrics_panel_width},
        "height": ${nlb_metrics_panel_height}
      },
    "definition": {
        "title": "Active Flow Count",
        "title_size": "13",
        "title_align": "left",
        "type": "query_value",
        "requests": [
            {
                "q": "sum:aws.networkelb.active_flow_count{${nlb_dashboard_tags}}",
                "aggregator": "last",
                "conditional_formats": [
                    {
                        "hide_value": false,
                        "comparator": ">",
                        "palette": "white_on_red",
                        "value": 0
                    },
                    {
                        "hide_value": false,
                        "comparator": "<=",
                        "palette": "white_on_green",
                        "value": 0
                    }
                ]
            }
        ],
        "autoscale": true,
        "precision": 0
    }
}