{
  "id" : 1${lambda_x},
  "layout": {
    "x": ${lambda_x},
    "y": ${lambda_y_axis_intial_value},
    "width": ${lambda_resource_panel_width},
    "height": ${lambda_resource_panel_height}
  },
  "definition": {
    "type": "note",
    "content": "${lambda_dashboard_tags}",
    "background_color": "vivid_green",
    "font_size": "16",
    "text_align": "center",
    "show_tick": true,
    "tick_pos": "50%",
    "tick_edge": "bottom"
  }
},
{
  "id" : 2${lambda_x},
  "layout": {
    "x": ${lambda_x},
    "y": ${lambda_widget1_y},
    "width": ${lambda_metrics_panel_width},
    "height": ${lambda_metrics_panel_height}
  },
  "definition": {
    "title": "Latency - Duration (s)",
    "title_size": "16",
    "title_align": "left",
    "show_legend": false,
    "type": "timeseries",
    "requests": [
      {
        "q": "max:aws.lambda.duration.maximum{${lambda_dashboard_tags}}, max:aws.lambda.duration.maximum{${lambda_dashboard_tags}}/1000",
        "on_right_yaxis": false,
        "metadata": [
          {
            "expression": "max:aws.lambda.duration.maximum{${lambda_dashboard_tags}}",
            "alias_name": "Max Duration"
          }
        ],
        "style": {
          "palette": "cool",
          "line_type": "solid",
          "line_width": "normal"
        },
        "display_type": "line"
      },
      {
        "q": "max:aws.lambda.duration.p50{${lambda_dashboard_tags}}, max:aws.lambda.duration.p50{${lambda_dashboard_tags}}/1000",
        "on_right_yaxis": false,
        "metadata": [
          {
            "expression": "max:aws.lambda.duration.p50{${lambda_dashboard_tags}}",
            "alias_name": "p50 Duration"
          }
        ],
        "style": {
          "palette": "cool",
          "line_type": "solid",
          "line_width": "normal"
        },
        "display_type": "line"
      },
      {
        "q": "max:aws.lambda.duration.p99{${lambda_dashboard_tags}}, 1/1000",
        "on_right_yaxis": false,
        "metadata": [
          {
            "expression": "max:aws.lambda.duration.p99{${lambda_dashboard_tags}}",
            "alias_name": "p99 Duration"
          }
        ],
        "style": {
          "palette": "cool",
          "line_type": "solid",
          "line_width": "normal"
        },
        "display_type": "line"
      }
    ],
    "yaxis": {
      "scale": "linear",
      "label": "",
      "include_zero": true,
      "min": "auto",
      "max": "auto"
    }
  }
},
{
  "id" : 3${lambda_x},
  "layout": {
    "x": ${lambda_x},
    "y": ${lambda_widget2_y},
    "width": ${lambda_metrics_panel_width},
    "height": ${lambda_metrics_panel_height}
  },
  "definition": {
    "title": "Latency - Max Iterator Age (s)",
    "title_size": "16",
    "title_align": "left",
    "show_legend": false,
    "legend_size": "0",
    "type": "timeseries",
    "requests": [
      {
        "q": "max:aws.lambda.iterator_age.maximum{${lambda_dashboard_tags}}, max:aws.lambda.iterator_age.maximum{${lambda_dashboard_tags}}/1000",
        "on_right_yaxis": false,
        "metadata": [
          {
            "expression": "max:aws.lambda.iterator_age.maximum{${lambda_dashboard_tags}}",
            "alias_name": "Max Iterator"
          }
        ],
        "style": {
          "palette": "cool",
          "line_type": "solid",
          "line_width": "normal"
        },
        "display_type": "line"
      }
    ],
    "yaxis": {
      "scale": "linear",
      "label": "",
      "include_zero": true,
      "min": "auto",
      "max": "auto"
    },
    "markers": [
      {
        "label": " Age (1 minute) ",
        "value": "y = 60",
        "display_type": "error dashed"
      }
    ]
  }
},
{
  "id" : 4${lambda_x},
  "layout": {
    "x": ${lambda_x},
    "y": ${lambda_widget3_y},
    "width": ${lambda_metrics_panel_width},
    "height": ${lambda_metrics_panel_height}
  },
  "definition": {
    "title": "Traffic (invocations/s)",
    "title_size": "16",
    "title_align": "left",
    "show_legend": false,
    "legend_size": "0",
    "type": "timeseries",
    "requests": [
      {
        "q": "sum:aws.lambda.invocations{${lambda_dashboard_tags}}.as_rate()",
        "on_right_yaxis": false,
        "metadata": [
          {
            "expression": "sum:aws.lambda.invocations{${lambda_dashboard_tags}}.as_rate()",
            "alias_name": "Invocations"
          }
        ],
        "style": {
          "palette": "cool",
          "line_type": "solid",
          "line_width": "normal"
        },
        "display_type": "line"
      }
    ],
    "yaxis": {
      "scale": "linear",
      "label": "",
      "include_zero": true,
      "min": "auto",
      "max": "auto"
    }
  }
},
{
  "id" : 5${lambda_x},
  "layout": {
    "x": ${lambda_x},
    "y": ${lambda_widget4_y},
    "width": ${lambda_metrics_panel_width},
    "height": ${lambda_metrics_panel_height}
  },
  "definition": {
    "title": "Errors (errors/s)",
    "title_size": "16",
    "title_align": "left",
    "show_legend": false,
    "legend_size": "0",
    "type": "timeseries",
    "requests": [
      {
        "q": "sum:aws.lambda.errors{${lambda_dashboard_tags}}.as_rate()",
        "on_right_yaxis": false,
        "metadata": [
          {
            "expression": "sum:aws.lambda.errors{${lambda_dashboard_tags}}.as_rate()",
            "alias_name": "Error rate"
          }
        ],
        "style": {
          "palette": "cool",
          "line_type": "solid",
          "line_width": "normal"
        },
        "display_type": "line"
      }
    ],
    "yaxis": {
      "scale": "linear",
      "label": "",
      "include_zero": true,
      "min": "auto",
      "max": "auto"
    }
  }
},
{
  "id" : 6${lambda_x},
  "layout": {
    "x": ${lambda_x},
    "y": ${lambda_widget5_y},
    "width": ${lambda_metrics_panel_width},
    "height": ${lambda_metrics_panel_height}
  },
  "definition": {
    "title": "Saturation (throttles/s)",
    "title_size": "16",
    "title_align": "left",
    "show_legend": false,
    "legend_size": "0",
    "type": "timeseries",
    "requests": [
      {
        "q": "sum:aws.lambda.throttles{${lambda_dashboard_tags}}.as_rate()",
        "on_right_yaxis": false,
        "metadata": [
          {
            "expression": "sum:aws.lambda.throttles{${lambda_dashboard_tags}}.as_rate()",
            "alias_name": "Throttles"
          }
        ],
        "style": {
          "palette": "cool",
          "line_type": "solid",
          "line_width": "normal"
        },
        "display_type": "line"
      }
    ],
    "yaxis": {
      "scale": "linear",
      "label": "",
      "include_zero": true,
      "min": "auto",
      "max": "auto"
    }
  }
}