{
    "id" : 1${cloud-sql_x},
    "layout": {
        "x": ${cloud-sql_x},
        "y": ${cloud-sql_y_axis_intial_value},
        "width": ${cloud-sql_resource_panel_width},
        "height": ${cloud-sql_resource_panel_height}
      },
    "definition": {
        "type": "note",
        "content": "${cloud_sql_dashboard_tags}",
        "background_color": "vivid_green",
        "font_size": "16",
        "text_align": "center",
        "show_tick": true,
        "tick_pos": "50%",
        "tick_edge": "bottom"
    }
},
{
    "id" : 2${cloud-sql_x},
    "layout": {
        "x": ${cloud-sql_x},
        "y": ${cloud-sql_widget1_y},
        "width": ${cloud-sql_metrics_panel_width},
        "height": ${cloud-sql_metrics_panel_height}
      },
    "definition": {
        "title": "Database Uptime",
        "title_size": "16",
        "title_align": "left",
        "show_legend": false,
        "type": "timeseries",
        "requests": [
            {
                "q": "max:gcp.cloudsql.database.uptime{${cloud_sql_dashboard_tags}}",
                "on_right_yaxis": false,
                "metadata": [
                    {
                        "expression": "max:gcp.cloudsql.database.uptime{${cloud_sql_dashboard_tags}}",
                        "alias_name": "Uptime"
                    }
                ],
                "style": {
                    "palette": "cool",
                    "line_type": "solid",
                    "line_width": "normal"
                },
                "display_type": "line"
            }
        ],
        "yaxis": {
            "include_zero": false,
            "min": "0"
        }
    }
},
{
    "id" : 3${cloud-sql_x},
    "layout": {
        "x": ${cloud-sql_x},
        "y": ${cloud-sql_widget2_y},
        "width": ${cloud-sql_metrics_panel_width},
        "height": ${cloud-sql_metrics_panel_height}
      },
    "definition": {
        "title": "Disk Write/Read IOPS",
        "title_size": "16",
        "title_align": "left",
        "show_legend": false,
        "type": "timeseries",
        "requests": [
            {
                "q": "avg:gcp.cloudsql.database.disk.write_ops_count{${cloud_sql_dashboard_tags}}.as_rate(), avg:gcp.cloudsql.database.disk.read_ops_count{${cloud_sql_dashboard_tags}}.as_rate(), avg:gcp.cloudsql.database.disk.write_ops_count{${cloud_sql_dashboard_tags}}.as_rate()+avg:gcp.cloudsql.database.disk.read_ops_count{${cloud_sql_dashboard_tags}}.as_rate()",
                "on_right_yaxis": false,
                "metadata": [
                    {
                        "expression": "avg:gcp.cloudsql.database.disk.write_ops_count{${cloud_sql_dashboard_tags}}.as_rate()",
                        "alias_name": "Write IOPS"
                    },
                    {
                        "expression": "avg:gcp.cloudsql.database.disk.read_ops_count{${cloud_sql_dashboard_tags}}.as_rate()",
                        "alias_name": "Read IOPS"
                    },
                    {
                        "expression": "avg:gcp.cloudsql.database.disk.write_ops_count{${cloud_sql_dashboard_tags}}.as_rate()+avg:gcp.cloudsql.database.disk.read_ops_count{${cloud_sql_dashboard_tags}}.as_rate()",
                        "alias_name": "Total IOPS"
                    }
                ],
                "style": {
                    "palette": "cool",
                    "line_type": "solid",
                    "line_width": "normal"
                },
                "display_type": "line"
            }
        ],
        "yaxis": {
            "include_zero": false
        },
        "markers": [
            {
                "label": " Base Line IOPS 600 ",
                "value": "y = 600",
                "display_type": "error dashed"
            }
        ]
    }
},
{
    "id" : 4${cloud-sql_x},
    "layout": {
        "x": ${cloud-sql_x},
        "y": ${cloud-sql_widget3_y},
        "width": ${cloud-sql_metrics_panel_width},
        "height": ${cloud-sql_metrics_panel_height}
      },
    "definition": {
        "title": "CPU Utilization",
        "title_size": "16",
        "title_align": "left",
        "show_legend": false,
        "type": "timeseries",
        "requests": [
            {
                "q": "max:gcp.cloudsql.database.cpu.utilization{${cloud_sql_dashboard_tags}}",
                "on_right_yaxis": false,
                "metadata": [
                    {
                        "expression": "max:gcp.cloudsql.database.cpu.utilization{${cloud_sql_dashboard_tags}}",
                        "alias_name": "CPU Utilization"
                    }
                ],
                "style": {
                    "palette": "cool",
                    "line_type": "solid",
                    "line_width": "normal"
                },
                "display_type": "line"
            }
        ],
        "yaxis": {
            "include_zero": false,
            "min": "0",
            "max": "100"
        },
        "markers": [
            {
                "label": " CPU High 75 ",
                "value": "y = 75",
                "display_type": "error dashed"
            }
        ]
    }
},
{
    "id" : 5${cloud-sql_x},
    "layout": {
        "x": ${cloud-sql_x},
        "y": ${cloud-sql_widget4_y},
        "width": ${cloud-sql_metrics_panel_width},
        "height": ${cloud-sql_metrics_panel_height}
      },
    "definition": {
        "title": "Disk Utilization",
        "title_size": "16",
        "title_align": "left",
        "show_legend": false,
        "type": "timeseries",
        "requests": [
            {
                "q": "max:gcp.cloudsql.database.disk.utilization{${cloud_sql_dashboard_tags}}",
                "on_right_yaxis": false,
                "metadata": [
                    {
                        "expression": "max:gcp.cloudsql.database.disk.utilization{${cloud_sql_dashboard_tags}}",
                        "alias_name": "Disk Utilization"
                    }
                ],
                "style": {
                    "palette": "cool",
                    "line_type": "solid",
                    "line_width": "normal"
                },
                "display_type": "line"
            }
        ],
        "yaxis": {
            "include_zero": false,
            "min": "0"
        },
        "markers": [
            {
                "label": "Disk Utilization high",
                "value": "y = 75",
                "display_type": "error dashed"
            }
        ]
    }
},
{
    "id" : 6${cloud-sql_x},
    "layout": {
        "x": ${cloud-sql_x},
        "y": ${cloud-sql_widget5_y},
        "width": ${cloud-sql_metrics_panel_width},
        "height": ${cloud-sql_metrics_panel_height}
      },
    "definition": {
        "title": "Memory Utilization",
        "title_size": "16",
        "title_align": "left",
        "show_legend": false,
        "type": "timeseries",
        "requests": [
            {
                "q": "max:gcp.cloudsql.database.memory.utilization{${cloud_sql_dashboard_tags}}",
                "on_right_yaxis": false,
                "metadata": [
                    {
                        "expression": "max:gcp.cloudsql.database.memory.utilization{${cloud_sql_dashboard_tags}}",
                        "alias_name": "Memory Utilization"
                    }
                ],
                "style": {
                    "palette": "cool",
                    "line_type": "solid",
                    "line_width": "normal"
                },
                "display_type": "line"
            }
        ],
        "yaxis": {
            "include_zero": false,
            "min": "0"
        },
        "markers": [
            {
                "label": "Memory Utilization high",
                "value": "y = 75",
                "display_type": "error dashed"
            }
        ]
    }
}