{
    "id" : 1${apigateway_x_odd},
    "layout": {
        "x": ${apigateway_x_odd},
        "y": ${apigateway_y_axis_intial_value},
        "width": ${apigateway_resource_panel_width},
        "height": ${apigateway_resource_panel_height}
    },
    "definition": {
        "type": "note",
        "content": "${apigateway_resource_tags}",
        "background_color": "vivid_green",
        "font_size": "16",
        "text_align": "center",
        "show_tick": true,
        "tick_pos": "50%",
        "tick_edge": "bottom"
    }
},
{
    "id" : 2${apigateway_x_odd},
    "layout": {
        "x": ${apigateway_x_odd},
        "y": ${apigateway_widget1_y},
        "width": ${apigateway_metrics_panel_width},
        "height": ${apigateway_metrics_panel_height}
      },
    "definition": {
        "title": "GET Latency (ms)",
        "title_size": "16",
        "title_align": "left",
        "show_legend": false,
        "legend_size": "0",
        "type": "timeseries",
        "requests": [
            {
                "q": "max:aws.apigateway.latency.p50{${apigateway_dashboard_tags},${apigateway_resource_tags},method:get}",
                "on_right_yaxis": false,
                "metadata": [
                    {
                        "expression": "max:aws.apigateway.latency.p50{${apigateway_dashboard_tags},${apigateway_resource_tags},method:get}",
                        "alias_name": "Latency (P50)"
                    }
                ],
                "style": {
                    "palette": "cool",
                    "line_type": "solid",
                    "line_width": "thin"
                },
                "display_type": "line"
            },
            {
                "q": "max:aws.apigateway.latency.p99{${apigateway_dashboard_tags},${apigateway_resource_tags},method:get}",
                "on_right_yaxis": false,
                "metadata": [
                    {
                        "expression": "max:aws.apigateway.latency.p99{${apigateway_dashboard_tags},${apigateway_resource_tags},method:get}",
                        "alias_name": "Latency (P99)"
                    }
                ],
                "style": {
                    "palette": "cool",
                    "line_type": "solid",
                    "line_width": "normal"
                },
                "display_type": "line"
            }
        ],
        "yaxis": {
            "include_zero": true,
            "scale": "linear",
            "label": "",
            "min": "auto",
            "max": "auto"
        },
        "markers": [
            {
                "label": " Timeout ",
                "value": "y = 30000",
                "display_type": "error dashed"
            }
        ],
        "custom_links": []
    }
},
{
    "id" : 3${apigateway_x_even},
    "layout": {
        "x": ${apigateway_x_even},
        "y": ${apigateway_widget2_y},
        "width": ${apigateway_metrics_panel_width},
        "height": ${apigateway_metrics_panel_height}
      },
    "definition": {
        "title": "GET Traffic (calls/sec)",
        "title_size": "16",
        "title_align": "left",
        "show_legend": false,
        "legend_size": "0",
        "type": "timeseries",
        "requests": [
            {
                "q": "sum:aws.apigateway.count{${apigateway_dashboard_tags},${apigateway_resource_tags},method:get}.as_rate()",
                "on_right_yaxis": false,
                "metadata": [
                    {
                        "expression": "sum:aws.apigateway.count{${apigateway_dashboard_tags},${apigateway_resource_tags},method:get}.as_rate()",
                        "alias_name": "API Call Rate"
                    }
                ],
                "style": {
                    "palette": "cool",
                    "line_type": "solid",
                    "line_width": "normal"
                },
                "display_type": "line"
            }
        ],
        "yaxis": {
            "include_zero": true,
            "scale": "linear",
            "label": "",
            "min": "auto",
            "max": "auto"
        },
        "custom_links": []
    }
},
{
    "id" : 4${apigateway_x_odd},
    "layout": {
        "x": ${apigateway_x_odd},
        "y": ${apigateway_widget3_y},
        "width": ${apigateway_metrics_panel_width},
        "height": ${apigateway_metrics_panel_height}
      },
    "definition": {
        "title": "GET Errors (errors/sec)",
        "title_size": "16",
        "title_align": "left",
        "show_legend": false,
        "legend_size": "0",
        "type": "timeseries",
        "requests": [
            {
                "q": "sum:aws.apigateway.4xxerror{${apigateway_dashboard_tags},${apigateway_resource_tags},method:get}.as_rate()",
                "on_right_yaxis": false,
                "metadata": [
                    {
                        "expression": "sum:aws.apigateway.4xxerror{${apigateway_dashboard_tags},${apigateway_resource_tags},method:get}.as_rate()",
                        "alias_name": "4xx Error Rate"
                    }
                ],
                "style": {
                    "palette": "cool",
                    "line_type": "solid",
                    "line_width": "normal"
                },
                "display_type": "line"
            },
            {
                "q": "sum:aws.apigateway.5xxerror{${apigateway_dashboard_tags},${apigateway_resource_tags},method:get}.as_rate()",
                "on_right_yaxis": false,
                "metadata": [
                    {
                        "expression": "sum:aws.apigateway.5xxerror{${apigateway_dashboard_tags},${apigateway_resource_tags},method:get}.as_rate()",
                        "alias_name": "5xx Error Rate"
                    }
                ],
                "style": {
                    "palette": "cool",
                    "line_type": "solid",
                    "line_width": "normal"
                },
                "display_type": "line"
            }
        ],
        "yaxis": {
            "include_zero": true,
            "scale": "linear",
            "label": "",
            "min": "auto",
            "max": "auto"
        },
        "markers": [
            {
                "value": "5 < y < 10",
                "display_type": "warning dashed"
            },
            {
                "value": "y > 10",
                "display_type": "error dashed"
            }
        ],
        "custom_links": []
    }
},
{
    "id" : 5${apigateway_x_even},
    "layout": {
        "x": ${apigateway_x_even},
        "y": ${apigateway_widget4_y},
        "width": ${apigateway_metrics_panel_width},
        "height": ${apigateway_metrics_panel_height}
      },
    "definition": {
        "title": "POST Latency (ms)",
        "title_size": "16",
        "title_align": "left",
        "show_legend": false,
        "legend_size": "0",
        "type": "timeseries",
        "requests": [
            {
                "q": "max:aws.apigateway.latency.p99{${apigateway_dashboard_tags},method:post,${apigateway_resource_tags}}",
                "on_right_yaxis": false,
                "metadata": [
                    {
                        "expression": "max:aws.apigateway.latency.p99{${apigateway_dashboard_tags},method:post,${apigateway_resource_tags}}",
                        "alias_name": "Latency (P99)"
                    }
                ],
                "style": {
                    "palette": "cool",
                    "line_type": "solid",
                    "line_width": "normal"
                },
                "display_type": "line"
            },
            {
                "q": "max:aws.apigateway.latency.p50{${apigateway_dashboard_tags},method:post,${apigateway_resource_tags}}",
                "on_right_yaxis": false,
                "metadata": [
                    {
                        "expression": "max:aws.apigateway.latency.p50{${apigateway_dashboard_tags},method:post,${apigateway_resource_tags}}",
                        "alias_name": "Latency (P50)"
                    }
                ],
                "style": {
                    "palette": "cool",
                    "line_type": "solid",
                    "line_width": "normal"
                },
                "display_type": "line"
            }
        ],
        "yaxis": {
            "include_zero": true,
            "scale": "linear",
            "label": "",
            "min": "auto",
            "max": "auto"
        },
        "markers": [
            {
                "label": " Timeout ",
                "value": "y = 30000",
                "display_type": "error dashed"
            }
        ],
        "custom_links": []
    }
},
{
    "id" : 6${apigateway_x_odd},
    "layout": {
        "x": ${apigateway_x_odd},
        "y": ${apigateway_widget5_y},
        "width": ${apigateway_metrics_panel_width},
        "height": ${apigateway_metrics_panel_height}
      },
    "definition": {
        "title": "POST Traffic (calls/sec)",
        "title_size": "16",
        "title_align": "left",
        "show_legend": false,
        "legend_size": "0",
        "type": "timeseries",
        "requests": [
            {
                "q": "sum:aws.apigateway.count{${apigateway_dashboard_tags},method:post,${apigateway_resource_tags}}.as_rate()",
                "on_right_yaxis": false,
                "metadata": [
                    {
                        "expression": "sum:aws.apigateway.count{${apigateway_dashboard_tags},method:post,${apigateway_resource_tags}}.as_rate()",
                        "alias_name": "API Call Rate"
                    }
                ],
                "style": {
                    "palette": "cool",
                    "line_type": "solid",
                    "line_width": "normal"
                },
                "display_type": "line"
            }
        ],
        "yaxis": {
            "include_zero": true,
            "scale": "linear",
            "label": "",
            "min": "auto",
            "max": "auto"
        },
        "custom_links": []
    }
},
{
    "id" : 7${apigateway_x_even},
    "layout": {
        "x": ${apigateway_x_even},
        "y": ${apigateway_widget6_y},
        "width": ${apigateway_metrics_panel_width},
        "height": ${apigateway_metrics_panel_height}
      },
    "definition": {
        "title": "POST Errors (errors/sec)",
        "title_size": "16",
        "title_align": "left",
        "show_legend": false,
        "legend_size": "0",
        "type": "timeseries",
        "requests": [
            {
                "q": "sum:aws.apigateway.4xxerror{${apigateway_dashboard_tags},method:post,${apigateway_resource_tags}}.as_rate()",
                "on_right_yaxis": false,
                "metadata": [
                    {
                        "expression": "sum:aws.apigateway.4xxerror{${apigateway_dashboard_tags},method:post,${apigateway_resource_tags}}.as_rate()",
                        "alias_name": "4xx Error Rate"
                    }
                ],
                "style": {
                    "palette": "cool",
                    "line_type": "solid",
                    "line_width": "normal"
                },
                "display_type": "line"
            },
            {
                "q": "sum:aws.apigateway.5xxerror{${apigateway_dashboard_tags},method:post,${apigateway_resource_tags}}.as_rate()",
                "on_right_yaxis": false,
                "metadata": [
                    {
                        "expression": "sum:aws.apigateway.5xxerror{${apigateway_dashboard_tags},method:post,${apigateway_resource_tags}}.as_rate()",
                        "alias_name": "5xx Error Rate"
                    }
                ],
                "style": {
                    "palette": "cool",
                    "line_type": "solid",
                    "line_width": "normal"
                },
                "display_type": "line"
            }
        ],
        "yaxis": {
            "include_zero": true,
            "scale": "linear",
            "label": "",
            "min": "auto",
            "max": "auto"
        },
        "custom_links": []
    }
},
{
    "id" : 8${apigateway_x_odd},
    "layout": {
        "x": ${apigateway_x_odd},
        "y": ${apigateway_widget7_y},
        "width": ${apigateway_metrics_panel_width},
        "height": ${apigateway_metrics_panel_height}
      },
    "definition": {
        "title": "PUT Latency (ms)",
        "title_size": "16",
        "title_align": "left",
        "show_legend": false,
        "legend_size": "0",
        "type": "timeseries",
        "requests": [
            {
                "q": "max:aws.apigateway.latency.p99{${apigateway_dashboard_tags},${apigateway_resource_tags},method:put}",
                "on_right_yaxis": false,
                "style": {
                    "palette": "cool",
                    "line_type": "solid",
                    "line_width": "normal"
                },
                "display_type": "line"
            }
        ],
        "yaxis": {
            "include_zero": true,
            "scale": "linear",
            "label": "",
            "min": "auto",
            "max": "auto"
        }
    }
},
{
    "id" : 9${apigateway_x_even},
    "layout": {
        "x": ${apigateway_x_even},
        "y": ${apigateway_widget8_y},
        "width": ${apigateway_metrics_panel_width},
        "height": ${apigateway_metrics_panel_height}
      },
    "definition": {
        "title": "PUT Traffic (calls/sec)",
        "title_size": "16",
        "title_align": "left",
        "show_legend": false,
        "legend_size": "0",
        "type": "timeseries",
        "requests": [
            {
                "q": "sum:aws.apigateway.count{${apigateway_dashboard_tags},${apigateway_resource_tags},method:put}.as_rate()",
                "on_right_yaxis": false,
                "style": {
                    "palette": "dog_classic",
                    "line_type": "solid",
                    "line_width": "normal"
                },
                "display_type": "line"
            }
        ],
        "yaxis": {
            "include_zero": true,
            "scale": "linear",
            "label": "",
            "min": "auto",
            "max": "auto"
        },
        "custom_links": []
    }
},
{
    "id" : 10${apigateway_x_odd},
    "layout": {
        "x": ${apigateway_x_odd},
        "y": ${apigateway_widget9_y},
        "width": ${apigateway_metrics_panel_width},
        "height": ${apigateway_metrics_panel_height}
      },
    "definition": {
        "title": "PUT Errors (errors/sec)",
        "title_size": "16",
        "title_align": "left",
        "show_legend": false,
        "legend_size": "0",
        "type": "timeseries",
        "requests": [
            {
                "q": "sum:aws.apigateway.5xxerror{${apigateway_dashboard_tags},${apigateway_resource_tags},method:put}.as_rate()",
                "on_right_yaxis": false,
                "style": {
                    "palette": "warm",
                    "line_type": "solid",
                    "line_width": "normal"
                },
                "display_type": "line"
            },
            {
                "q": "sum:aws.apigateway.4xxerror{${apigateway_dashboard_tags},${apigateway_resource_tags},method:put}.as_rate()",
                "on_right_yaxis": false,
                "style": {
                    "palette": "purple",
                    "line_type": "solid",
                    "line_width": "normal"
                },
                "display_type": "line"
            }
        ],
        "yaxis": {
            "include_zero": true,
            "scale": "linear",
            "label": "",
            "min": "auto",
            "max": "auto"
        },
        "custom_links": []
    }
},
{
    "id" : 11${apigateway_x_even},
    "layout": {
        "x": ${apigateway_x_even},
        "y": ${apigateway_widget10_y},
        "width": ${apigateway_metrics_panel_width},
        "height": ${apigateway_metrics_panel_height}
      },
    "definition": {
        "title": "PATCH Latency (ms)",
        "title_size": "16",
        "title_align": "left",
        "show_legend": false,
        "legend_size": "0",
        "type": "timeseries",
        "requests": [
            {
                "q": "max:aws.apigateway.latency.p99{${apigateway_dashboard_tags},${apigateway_resource_tags},method:patch}",
                "on_right_yaxis": false,
                "metadata": [
                    {
                        "expression": "max:aws.apigateway.latency.p99{${apigateway_dashboard_tags},${apigateway_resource_tags},method:patch}",
                        "alias_name": "Latency (P99)"
                    }
                ],
                "style": {
                    "palette": "cool",
                    "line_type": "solid",
                    "line_width": "normal"
                },
                "display_type": "line"
            },
            {
                "q": "max:aws.apigateway.latency.p50{${apigateway_dashboard_tags},${apigateway_resource_tags},method:patch}",
                "on_right_yaxis": false,
                "metadata": [
                    {
                        "expression": "max:aws.apigateway.latency.p50{${apigateway_dashboard_tags},${apigateway_resource_tags},method:patch}",
                        "alias_name": "Latency (P50)"
                    }
                ],
                "style": {
                    "palette": "cool",
                    "line_type": "solid",
                    "line_width": "normal"
                },
                "display_type": "line"
            }
        ],
        "yaxis": {
            "include_zero": true,
            "scale": "linear",
            "label": "",
            "min": "auto",
            "max": "auto"
        },
        "markers": [
            {
                "label": " Timeout ",
                "value": "y = 30000",
                "display_type": "error dashed"
            }
        ],
        "custom_links": []
    }
},
{
    "id" : 12${apigateway_x_odd},
    "layout": {
        "x": ${apigateway_x_odd},
        "y": ${apigateway_widget11_y},
        "width": ${apigateway_metrics_panel_width},
        "height": ${apigateway_metrics_panel_height}
      },
    "definition": {
        "title": "PATCH Traffic (calls/sec)",
        "title_size": "16",
        "title_align": "left",
        "show_legend": false,
        "legend_size": "0",
        "type": "timeseries",
        "requests": [
            {
                "q": "sum:aws.apigateway.count{${apigateway_dashboard_tags},${apigateway_resource_tags},method:patch}.as_rate()",
                "on_right_yaxis": false,
                "metadata": [
                    {
                        "expression": "sum:aws.apigateway.count{${apigateway_dashboard_tags},${apigateway_resource_tags},method:patch}.as_rate()",
                        "alias_name": "API Call Rate"
                    }
                ],
                "style": {
                    "palette": "cool",
                    "line_type": "solid",
                    "line_width": "normal"
                },
                "display_type": "line"
            }
        ],
        "yaxis": {
            "include_zero": true,
            "scale": "linear",
            "label": "",
            "min": "auto",
            "max": "auto"
        },
        "custom_links": []
    }
},
{
    "id" : 13${apigateway_x_even},
    "layout": {
        "x": ${apigateway_x_even},
        "y": ${apigateway_widget12_y},
        "width": ${apigateway_metrics_panel_width},
        "height": ${apigateway_metrics_panel_height}
      },
    "definition": {
        "title": "PATCH Errors (errors/sec)",
        "title_size": "16",
        "title_align": "left",
        "show_legend": false,
        "legend_size": "0",
        "type": "timeseries",
        "requests": [
            {
                "q": "sum:aws.apigateway.4xxerror{${apigateway_dashboard_tags},${apigateway_resource_tags},method:patch}.as_rate()",
                "on_right_yaxis": false,
                "metadata": [
                    {
                        "expression": "sum:aws.apigateway.4xxerror{${apigateway_dashboard_tags},${apigateway_resource_tags},method:patch}.as_rate()",
                        "alias_name": "4xx Error Rate"
                    }
                ],
                "style": {
                    "palette": "cool",
                    "line_type": "solid",
                    "line_width": "normal"
                },
                "display_type": "line"
            },
            {
                "q": "sum:aws.apigateway.5xxerror{${apigateway_dashboard_tags},${apigateway_resource_tags},method:patch}.as_rate()",
                "on_right_yaxis": false,
                "metadata": [
                    {
                        "expression": "sum:aws.apigateway.5xxerror{${apigateway_dashboard_tags},${apigateway_resource_tags},method:patch}.as_rate()",
                        "alias_name": "5xx Error Rate"
                    }
                ],
                "style": {
                    "palette": "cool",
                    "line_type": "solid",
                    "line_width": "normal"
                },
                "display_type": "line"
            }
        ],
        "yaxis": {
            "include_zero": true,
            "scale": "linear",
            "label": "",
            "min": "auto",
            "max": "auto"
        },
        "custom_links": []
    }
},
{
    "id" : 14${apigateway_x_odd},
    "layout": {
        "x": ${apigateway_x_odd},
        "y": ${apigateway_widget13_y},
        "width": ${apigateway_metrics_panel_width},
        "height": ${apigateway_metrics_panel_height}
      },
    "definition": {
        "title": "DELETE Latency (ms)",
        "title_size": "16",
        "title_align": "left",
        "show_legend": false,
        "legend_size": "0",
        "type": "timeseries",
        "requests": [
            {
                "q": "max:aws.apigateway.latency.p99{${apigateway_dashboard_tags},${apigateway_resource_tags},method:delete}",
                "on_right_yaxis": false,
                "metadata": [
                    {
                        "expression": "max:aws.apigateway.latency.p99{${apigateway_dashboard_tags},${apigateway_resource_tags},method:delete}",
                        "alias_name": "Latency (P99)"
                    }
                ],
                "style": {
                    "palette": "cool",
                    "line_type": "solid",
                    "line_width": "normal"
                },
                "display_type": "line"
            },
            {
                "q": "max:aws.apigateway.latency.p50{${apigateway_dashboard_tags},${apigateway_resource_tags},method:delete}",
                "on_right_yaxis": false,
                "metadata": [
                    {
                        "expression": "max:aws.apigateway.latency.p50{${apigateway_dashboard_tags},${apigateway_resource_tags},method:delete}",
                        "alias_name": "Latency (P50)"
                    }
                ],
                "style": {
                    "palette": "cool",
                    "line_type": "solid",
                    "line_width": "normal"
                },
                "display_type": "line"
            }
        ],
        "yaxis": {
            "include_zero": true,
            "scale": "linear",
            "label": "",
            "min": "auto",
            "max": "auto"
        },
        "markers": [
            {
                "label": " Timeout ",
                "value": "y = 30000",
                "display_type": "error dashed"
            }
        ],
        "custom_links": []
    }
},
{
    "id" : 15${apigateway_x_even},
    "layout": {
        "x": ${apigateway_x_even},
        "y": ${apigateway_widget14_y},
        "width": ${apigateway_metrics_panel_width},
        "height": ${apigateway_metrics_panel_height}
      },
    "definition": {
        "title": "DELETE Traffic (calls/sec)",
        "title_size": "16",
        "title_align": "left",
        "show_legend": false,
        "legend_size": "0",
        "type": "timeseries",
        "requests": [
            {
                "q": "sum:aws.apigateway.count{${apigateway_dashboard_tags},${apigateway_resource_tags},method:delete}.as_rate()",
                "on_right_yaxis": false,
                "metadata": [
                    {
                        "expression": "sum:aws.apigateway.count{${apigateway_dashboard_tags},${apigateway_resource_tags},method:delete}.as_rate()",
                        "alias_name": "API Call Rate"
                    }
                ],
                "style": {
                    "palette": "cool",
                    "line_type": "solid",
                    "line_width": "normal"
                },
                "display_type": "line"
            }
        ],
        "yaxis": {
            "include_zero": true,
            "scale": "linear",
            "label": "",
            "min": "auto",
            "max": "auto"
        },
        "custom_links": []
    }
},
{
    "id" : 16${apigateway_x_odd},
    "layout": {
        "x": ${apigateway_x_odd},
        "y": ${apigateway_widget15_y},
        "width": ${apigateway_metrics_panel_width},
        "height": ${apigateway_metrics_panel_height}
      },
    "definition": {
        "title": "DELETE Errors (errors/sec)",
        "title_size": "16",
        "title_align": "left",
        "show_legend": false,
        "legend_size": "0",
        "type": "timeseries",
        "requests": [
            {
                "q": "sum:aws.apigateway.4xxerror{${apigateway_dashboard_tags},${apigateway_resource_tags},method:delete}.as_rate()",
                "on_right_yaxis": false,
                "metadata": [
                    {
                        "expression": "sum:aws.apigateway.4xxerror{${apigateway_dashboard_tags},${apigateway_resource_tags},method:delete}.as_rate()",
                        "alias_name": "4xx Error Rate"
                    }
                ],
                "style": {
                    "palette": "cool",
                    "line_type": "solid",
                    "line_width": "normal"
                },
                "display_type": "line"
            },
            {
                "q": "sum:aws.apigateway.5xxerror{${apigateway_dashboard_tags},${apigateway_resource_tags},method:delete}.as_rate()",
                "on_right_yaxis": false,
                "metadata": [
                    {
                        "expression": "sum:aws.apigateway.5xxerror{${apigateway_dashboard_tags},${apigateway_resource_tags},method:delete}.as_rate()",
                        "alias_name": "5xx Error Rate"
                    }
                ],
                "style": {
                    "palette": "cool",
                    "line_type": "solid",
                    "line_width": "normal"
                },
                "display_type": "line"
            }
        ],
        "yaxis": {
            "include_zero": true,
            "scale": "linear",
            "label": "",
            "min": "auto",
            "max": "auto"
        },
        "custom_links": []
    }
}