{
    "id" : 1${gke_x_axis_intial_value},
    "layout": {
      "x": ${gke_x_axis_intial_value},
      "y": 9,
      "width": 12,
      "height": 14
    },
    "definition": {
        "title": "Namespaces",
        "title_size": "16",
        "title_align": "left",
        "type": "query_value",
        "requests": [
            {
                "q": "count_nonzero(avg:kubernetes.pods.running{${gke_dashboard_tags}} by {cluster_name,kube_namespace})",
                "aggregator": "avg"
            }
        ],
        "custom_links": [],
        "precision": 0
    }
},
{
    "id" : 2${gke_x_axis_intial_value},
    "layout": {
      "x": ${gke_x_axis_intial_value},
      "y": 25,
      "width": 12,
      "height": 14
    },
    "definition": {
        "title": "Deployments",
        "title_size": "16",
        "title_align": "left",
        "type": "query_value",
        "requests": [
            {
                "q": "count_nonzero(avg:kubernetes_state.deployment.count{${gke_dashboard_tags}} by {cluster_name,kube_namespace,kube_deployment})",
                "aggregator": "avg"
            }
        ],
        "custom_links": [],
        "precision": 0
    }
},
{
    "id" : 3${gke_x_axis_intial_value},
    "layout": {
      "x": ${gke_x_axis_intial_value},
      "y": 40,
      "width": 12,
      "height": 14
    },
    "definition": {
        "title": "Services",
        "title_size": "16",
        "title_align": "left",
        "type": "query_value",
        "requests": [
            {
                "q": "sum:kubernetes_state.service.count{${gke_dashboard_tags}}",
                "aggregator": "avg"
            }
        ],
        "custom_links": [],
        "precision": 0
    }
},
{
    "id" : 4${gke_x_axis_intial_value},
    "layout": {
      "x": ${gke_x_axis_intial_value},
      "y": 55,
      "width": 12,
      "height": 14
    },
    "definition": {
        "title": "DaemonSets",
        "title_size": "16",
        "title_align": "left",
        "type": "query_value",
        "requests": [
            {
                "q": "count_nonzero(avg:kubernetes_state.daemonset.desired{${gke_dashboard_tags}} by {cluster_name,kube_namespace,kube_daemon_set})",
                "aggregator": "avg"
            }
        ],
        "custom_links": [],
        "precision": 0
    }
},
{
    "id" : 5${gke_x_axis_intial_value},
    "layout": {
      "x": ${gke_x_axis_intial_value},
      "y": 70,
      "width": 12,
      "height": 14
    },
    "definition": {
        "title": "Nodes",
        "title_size": "16",
        "title_align": "left",
        "type": "query_value",
        "requests": [
            {
                "q": "sum:kubernetes_state.node.count{${gke_dashboard_tags}}",
                "aggregator": "avg"
            }
        ],
        "custom_links": [],
        "precision": 0
    }
},
{
    "id" : 6${gke_x_axis_intial_value},
    "layout": {
      "x": ${gke_x_axis_intial_value},
      "y": 85,
      "width": 12,
      "height": 14
    },
    "definition": {
        "title": "Pods",
        "title_size": "16",
        "title_align": "left",
        "type": "query_value",
        "requests": [
            {
                "q": "sum:kubernetes.pods.running{${gke_dashboard_tags}}",
                "aggregator": "avg"
            }
        ],
        "custom_links": [],
        "precision": 0
    }
},
{
    "id" : 7${gke_x_axis_intial_value},
    "layout": {
      "x": ${gke_x_axis_intial_value},
      "y": 100,
      "width": 12,
      "height": 14
    },
    "definition": {
        "title": "Containers",
        "title_size": "16",
        "title_align": "left",
        "type": "query_value",
        "requests": [
            {
                "q": "sum:kubernetes.containers.running{${gke_dashboard_tags}}",
                "aggregator": "avg"
            }
        ],
        "custom_links": [],
        "precision": 0
    }
},
{
    "id" : 8${gke_x_axis_intial_value},
    "layout": {
      "x": ${gke_x_axis_intial_value},
      "y": 115,
      "width": 12,
      "height": 14
    },
    "definition": {
        "title": "Replicas",
        "title_size": "16",
        "title_align": "left",
        "type": "query_value",
        "requests": [
            {
                "q": "sum:kubernetes_state.deployment.replicas{${gke_dashboard_tags}}",
                "aggregator": "avg"
            }
        ],
        "custom_links": [],
        "precision": 0
    }
},
{
    "id" : 1${gke_x0},
    "layout": {
      "x": ${gke_x0},
      "y": ${gke_y_axis_intial_value},
      "width": ${gke_resource_panel_width},
      "height": ${gke_resource_panel_height}
    },
    "definition": {
      "type": "note",
      "content": "Deployment",
      "background_color": "vivid_green",
      "font_size": "18",
      "text_align": "center",
      "show_tick": true,
      "tick_pos": "50%",
      "tick_edge": "bottom"
    }
},
{
    "id" : 2${gke_x0},
    "layout": {
      "x": ${gke_x0},
      "y": ${gke_widget1_y},
      "width": ${gke_metrics_panel_width},
      "height": ${gke_metrics_panel_height}
    },
    "definition": {
        "title": "CPU Usage by Deployment",
        "title_size": "16",
        "title_align": "left",
        "show_legend": true,
        "legend_size": "0",
        "type": "timeseries",
        "requests": [
            {
                "q": "sum:kubernetes.cpu.usage.total{${gke_dashboard_tags}} by {kube_cluster_name,kube_namespace,kube_deployment}",
                "style": {
                    "palette": "dog_classic",
                    "line_type": "solid",
                    "line_width": "normal"
                },
                "display_type": "line"
            }
        ],
        "yaxis": {
            "include_zero": true,
            "scale": "linear",
            "label": "",
            "min": "auto",
            "max": "auto"
        },
        "right_yaxis": {
            "scale": "linear",
            "label": "",
            "min": "auto",
            "max": "auto"
        },
        "custom_links": []
    }
},
{
    "id" : 3${gke_x0},
    "layout": {
      "x": ${gke_x0},
      "y": ${gke_widget2_y},
      "width": ${gke_metrics_panel_width},
      "height": ${gke_metrics_panel_height}
    },
    "definition": {
        "title": "Memory Usage by Deployment",
        "title_size": "16",
        "title_align": "left",
        "show_legend": true,
        "legend_size": "0",
        "type": "timeseries",
        "requests": [
            {
                "q": "avg:kubernetes.memory.usage{${gke_dashboard_tags}} by {kube_deployment,kube_namespace,kube_cluster_name}",
                "style": {
                    "palette": "dog_classic",
                    "line_type": "solid",
                    "line_width": "normal"
                },
                "display_type": "line"
            }
        ],
        "yaxis": {
            "include_zero": true,
            "scale": "linear",
            "label": "",
            "min": "auto",
            "max": "auto"
        },
        "right_yaxis": {
            "scale": "linear",
            "label": "",
            "min": "auto",
            "max": "auto"
        },
        "custom_links": []
    }
},
{
    "id" : 4${gke_x0},
    "layout": {
      "x": ${gke_x0},
      "y": ${gke_widget3_y},
      "width": ${gke_metrics_panel_width},
      "height": ${gke_metrics_panel_height}
    },
    "definition": {
        "title": "Network Usage (Rx / Tx rate) by Deployment",
        "title_size": "16",
        "title_align": "left",
        "show_legend": true,
        "legend_size": "0",
        "type": "timeseries",
        "requests": [
            {
                "q": "sum:kubernetes.network.rx_bytes{${gke_dashboard_tags}} by {kube_deployment,kube_namespace,kube_cluster_name}, sum:kubernetes.network.tx_bytes{$kube_namespace,$kube_deployment,$scope,$kube_cluster_name} by {kube_deployment,kube_namespace,kube_cluster_name}",
                "style": {
                    "palette": "dog_classic",
                    "line_type": "solid",
                    "line_width": "normal"
                },
                "display_type": "line"
            }
        ],
        "yaxis": {
            "include_zero": true,
            "scale": "linear",
            "label": "",
            "min": "auto",
            "max": "auto"
        },
        "custom_links": []
    }
},
{
    "id" : 5${gke_x0},
    "layout": {
      "x": ${gke_x0},
      "y": ${gke_widget4_y},
      "width": ${gke_metrics_panel_width},
      "height": ${gke_metrics_panel_height}
    },
    "definition": {
        "title": "Network Errors by Deployment",
        "title_size": "16",
        "title_align": "left",
        "show_legend": true,
        "legend_size": "0",
        "type": "timeseries",
        "requests": [
            {
                "q": "sum:kubernetes.network.rx_errors{${gke_dashboard_tags}} by {kube_deployment,kube_namespace,kube_cluster_name}, sum:kubernetes.network.tx_errors{$kube_namespace,$kube_deployment,$scope,$kube_cluster_name} by {kube_deployment,kube_namespace,kube_cluster_name}",
                "style": {
                    "palette": "dog_classic",
                    "line_type": "solid",
                    "line_width": "normal"
                },
                "display_type": "line"
            }
        ],
        "yaxis": {
            "include_zero": true,
            "scale": "linear",
            "label": "",
            "min": "auto",
            "max": "auto"
        },
        "right_yaxis": {
            "scale": "linear",
            "label": "",
            "min": "auto",
            "max": "auto"
        },
        "markers": [
            {
                "label": "y = 0",
                "value": "y = 0",
                "display_type": "ok dashed"
            }
        ],
        "custom_links": []
    }
},
{
    "id" : 6${gke_x0},
    "layout": {
      "x": ${gke_x0},
      "y": ${gke_widget5_y},
      "width": ${gke_metrics_panel_width},
      "height": ${gke_metrics_panel_height}
    },
    "definition": {
        "title": "Disk Usage by Deployment",
        "title_size": "16",
        "title_align": "left",
        "show_legend": true,
        "legend_size": "0",
        "type": "timeseries",
        "requests": [
            {
                "q": "sum:kubernetes.filesystem.usage{${gke_dashboard_tags}} by {kube_deployment,kube_namespace,kube_cluster_name}",
                "style": {
                    "palette": "dog_classic",
                    "line_type": "solid",
                    "line_width": "normal"
                },
                "display_type": "line"
            }
        ],
        "yaxis": {
            "include_zero": true,
            "scale": "linear",
            "label": "",
            "min": "auto",
            "max": "auto"
        },
        "right_yaxis": {
            "scale": "linear",
            "label": "",
            "min": "auto",
            "max": "auto"
        },
        "custom_links": []
    }
},
{
    "id" : 7${gke_x0},
    "layout": {
      "x": ${gke_x0},
      "y": ${gke_widget6_y},
      "width": ${gke_metrics_panel_width},
      "height": ${gke_metrics_panel_height}
    },
    "definition": {
        "title": "Disk Usage % by Deployment",
        "title_size": "16",
        "title_align": "left",
        "show_legend": true,
        "legend_size": "0",
        "type": "timeseries",
        "requests": [
            {
                "q": "sum:kubernetes.filesystem.usage_pct{${gke_dashboard_tags}} by {kube_deployment,kube_namespace,kube_cluster_name}*100",
                "style": {
                    "palette": "dog_classic",
                    "line_type": "solid",
                    "line_width": "normal"
                },
                "display_type": "line"
            }
        ],
        "yaxis": {
            "include_zero": true,
            "scale": "linear",
            "label": "",
            "min": "auto",
            "max": "auto"
        },
        "right_yaxis": {
            "scale": "linear",
            "label": "",
            "min": "auto",
            "max": "auto"
        },
        "markers": [
            {
                "label": " 100% ",
                "value": "y = 100",
                "display_type": "error dashed"
            }
        ],
        "custom_links": []
    }
},
{
    "id" : 8${gke_x1},
    "layout": {
      "x": ${gke_x1},
      "y": ${gke_y_axis_intial_value},
      "width": ${gke_resource_panel_width},
      "height": ${gke_resource_panel_height}
    },
    "definition": {
      "type": "note",
      "content": "Nodes",
      "background_color": "vivid_green",
      "font_size": "18",
      "text_align": "center",
      "show_tick": true,
      "tick_pos": "50%",
      "tick_edge": "bottom"
    }
},
{
    "id" : 9${gke_x1},
    "layout": {
      "x": ${gke_x1},
      "y": ${gke_widget1_y},
      "width": ${gke_metrics_panel_width},
      "height": ${gke_metrics_panel_height}
    },
    "definition": {
        "title": "CPU Utilizaion",
        "title_size": "16",
        "title_align": "left",
        "show_legend": false,
        "legend_size": "0",
        "legend_layout": "vertical",
        "legend_columns": [
            "value",
            "avg",
            "sum",
            "min",
            "max"
        ],
        "type": "timeseries",
        "requests": [
            {
                "q": "avg:system.cpu.user{${gke_dashboard_tags}} by {host}",
                "on_right_yaxis": false,
                "metadata": [
                    {
                        "expression": "avg:system.cpu.user{${gke_dashboard_tags}} by {host}",
                        "alias_name": "CPU Utilization"
                    }
                ],
                "style": {
                    "palette": "cool",
                    "line_type": "solid",
                    "line_width": "normal"
                },
                "display_type": "line"
            }
        ],
        "yaxis": {
            "scale": "linear",
            "include_zero": true,
            "min": "auto",
            "max": "auto"
        }
    }
},
{
    "id" : 14${gke_x1},
    "layout": {
      "x": ${gke_x1},
      "y": ${gke_widget2_y},
      "width": ${gke_metrics_panel_width},
      "height": ${gke_metrics_panel_height}
    },
    "definition": {
        "title": "Memory Utilization",
        "title_size": "16",
        "title_align": "left",
        "show_legend": false,
        "legend_size": "0",
        "legend_layout": "vertical",
        "legend_columns": [
            "value",
            "avg",
            "sum",
            "min",
            "max"
        ],
        "type": "timeseries",
        "requests": [
            {
                "q": "sum:system.mem.used{${gke_dashboard_tags}} by {host}",
                "on_right_yaxis": false,
                "metadata": [
                    {
                        "expression": "sum:system.mem.used{${gke_dashboard_tags}} by {host}",
                        "alias_name": "Memory Utilization"
                    }
                ],
                "style": {
                    "palette": "cool",
                    "line_type": "solid",
                    "line_width": "normal"
                },
                "display_type": "line"
            }
        ],
        "yaxis": {
            "scale": "linear",
            "include_zero": true,
            "min": "auto",
            "max": "auto"
        }
    }
},
{
    "id" : 15${gke_x1},
    "layout": {
      "x": ${gke_x1},
      "y": ${gke_widget3_y},
      "width": ${gke_metrics_panel_width},
      "height": ${gke_metrics_panel_height}
    },
    "definition": {
        "title": "Disk Utilization",
        "title_size": "16",
        "title_align": "left",
        "show_legend": false,
        "legend_size": "0",
        "legend_layout": "vertical",
        "legend_columns": [
            "value",
            "avg",
            "sum",
            "min",
            "max"
        ],
        "type": "timeseries",
        "requests": [
            {
                "q": "sum:system.disk.used{${gke_dashboard_tags}} by {host}",
                "on_right_yaxis": false,
                "metadata": [
                    {
                        "expression": "sum:system.disk.used{${gke_dashboard_tags}} by {host}",
                        "alias_name": "Disk Utilization"
                    }
                ],
                "style": {
                    "palette": "cool",
                    "line_type": "solid",
                    "line_width": "normal"
                },
                "display_type": "line"
            }
        ],
        "yaxis": {
            "scale": "linear",
            "include_zero": true,
            "min": "auto",
            "max": "auto"
        }
    }
},
{
    "id" : 17${gke_x2},
    "layout": {
      "x": ${gke_x2},
      "y": ${gke_y_axis_intial_value},
      "width": ${gke_resource_panel_width},
      "height": ${gke_resource_panel_height}
    },
    "definition": {
      "type": "note",
      "content": "Pods",
      "background_color": "vivid_green",
      "font_size": "18",
      "text_align": "center",
      "show_tick": true,
      "tick_pos": "50%",
      "tick_edge": "bottom"
    }
},
{
    "id" : 18${gke_x2},
    "layout": {
      "x": ${gke_x2},
      "y": ${gke_widget1_y},
      "width": ${gke_metrics_panel_width},
      "height": ${gke_metrics_panel_height}
    },
    "definition": {
        "title": "Running pods per namespace",
        "title_size": "16",
        "title_align": "left",
        "show_legend": false,
        "legend_size": "0",
        "type": "timeseries",
        "requests": [
            {
                "q": "sum:kubernetes.pods.running{${gke_dashboard_tags}} by {cluster_name,kube_namespace}",
                "style": {
                    "palette": "dog_classic",
                    "line_type": "solid",
                    "line_width": "normal"
                },
                "display_type": "area"
            }
        ],
        "yaxis": {
            "include_zero": true,
            "scale": "linear",
            "label": "",
            "min": "auto",
            "max": "auto"
        },
        "custom_links": []
    }
},
{
    "id" : 19${gke_x2},
    "layout": {
      "x": ${gke_x2},
      "y": ${gke_widget2_y},
      "width": ${gke_metrics_panel_width},
      "height": ${gke_metrics_panel_height}
    },
    "definition": {
        "title": "Pods in bad phase by namespaces",
        "title_size": "16",
        "title_align": "left",
        "type": "toplist",
        "requests": [
            {
                "q": "top(sum:kubernetes_state.pod.status_phase{${gke_dashboard_tags},!phase:running,!phase:succeeded} by {cluster_name,kube_namespace,phase}, 100, 'last', 'desc')",
                "conditional_formats": [
                    {
                        "comparator": ">",
                        "palette": "white_on_red",
                        "value": 0
                    },
                    {
                        "comparator": "<=",
                        "palette": "white_on_green",
                        "value": 0
                    }
                ]
            }
        ],
        "custom_links": []
    }
},
{
    "id" : 20${gke_x2},
    "layout": {
      "x": ${gke_x2},
      "y": ${gke_widget3_y},
      "width": ${gke_metrics_panel_width},
      "height": ${gke_metrics_panel_height}
    },
    "definition": {
        "title": "Running pods per node",
        "title_size": "16",
        "title_align": "left",
        "show_legend": false,
        "type": "timeseries",
        "requests": [
            {
                "q": "sum:kubernetes.pods.running{${gke_dashboard_tags}} by {host}",
                "style": {
                    "palette": "dog_classic",
                    "line_type": "solid",
                    "line_width": "normal"
                },
                "display_type": "area"
            }
        ],
        "yaxis": {
            "include_zero": true,
            "scale": "linear",
            "label": "",
            "min": "auto",
            "max": "auto"
        },
        "custom_links": []
    }
},
{
    "id" : 21${gke_x3},
    "layout": {
      "x": ${gke_x3},
      "y": ${gke_y_axis_intial_value},
      "width": ${gke_resource_panel_width},
      "height": ${gke_resource_panel_height}
    },
    "definition": {
      "type": "note",
      "content": "Replicas",
      "background_color": "vivid_green",
      "font_size": "18",
      "text_align": "center",
      "show_tick": true,
      "tick_pos": "50%",
      "tick_edge": "bottom"
    }
},
{
    "id" : 22${gke_x3},
    "layout": {
      "x": ${gke_x3},
      "y": ${gke_widget1_y},
      "width": ${gke_metrics_panel_width},
      "height": ${gke_metrics_panel_height}
    },
    "definition": {
        "title": "Replicas Per Deployment",
        "title_size": "16",
        "title_align": "left",
        "show_legend": false,
        "legend_size": "0",
        "type": "timeseries",
        "requests": [
            {
                "q": "sum:kubernetes_state.deployment.replicas{${gke_dashboard_tags}} by {deployment}",
                "style": {
                    "palette": "dog_classic",
                    "line_type": "solid",
                    "line_width": "normal"
                },
                "display_type": "area"
            }
        ],
        "yaxis": {
            "include_zero": true,
            "scale": "linear",
            "label": "",
            "min": "auto",
            "max": "auto"
        },
        "custom_links": []
    }
},
{
    "id" : 23${gke_x3},
    "layout": {
      "x": ${gke_x3},
      "y": ${gke_widget2_y},
      "width": ${gke_metrics_panel_width},
      "height": ${gke_metrics_panel_height}
    },
    "definition": {
        "title": "Replicas Available",
        "title_size": "16",
        "title_align": "left",
        "show_legend": false,
        "legend_size": "0",
        "type": "timeseries",
        "requests": [
            {
                "q": "sum:kubernetes_state.deployment.replicas_available{${gke_dashboard_tags}} by {deployment}",
                "style": {
                    "palette": "green",
                    "line_type": "solid",
                    "line_width": "normal"
                },
                "display_type": "area"
            }
        ],
        "yaxis": {
            "include_zero": true,
            "scale": "linear",
            "label": "",
            "min": "auto",
            "max": "auto"
        },
        "custom_links": []
    }
},
{
    "id" : 24${gke_x3},
    "layout": {
      "x": ${gke_x3},
      "y": ${gke_widget3_y},
      "width": ${gke_metrics_panel_width},
      "height": ${gke_metrics_panel_height}
    },
    "definition": {
        "title": "Replicas Desired",
        "title_size": "16",
        "title_align": "left",
        "show_legend": false,
        "legend_size": "0",
        "type": "timeseries",
        "requests": [
            {
                "q": "sum:kubernetes_state.deployment.replicas_desired{${gke_dashboard_tags}} by {deployment}",
                "style": {
                    "palette": "cool",
                    "line_type": "solid",
                    "line_width": "normal"
                },
                "display_type": "area"
            }
        ],
        "yaxis": {
            "include_zero": true,
            "scale": "linear",
            "label": "",
            "min": "auto",
            "max": "auto"
        },
        "custom_links": []
    }
},
{
    "id" : 25${gke_x3},
    "layout": {
      "x": ${gke_x3},
      "y": ${gke_widget4_y},
      "width": ${gke_metrics_panel_width},
      "height": ${gke_metrics_panel_height}
    },
    "definition": {
        "title": "Replicas Updated",
        "title_size": "16",
        "title_align": "left",
        "show_legend": false,
        "legend_size": "0",
        "type": "timeseries",
        "requests": [
            {
                "q": "sum:kubernetes_state.deployment.replicas_updated{${gke_dashboard_tags}} by {deployment}",
                "style": {
                    "palette": "dog_classic",
                    "line_type": "solid",
                    "line_width": "normal"
                },
                "display_type": "area"
            }
        ],
        "yaxis": {
            "include_zero": true,
            "scale": "linear",
            "label": "",
            "min": "auto",
            "max": "auto"
        },
        "right_yaxis": {
            "scale": "linear",
            "label": "",
            "min": "auto",
            "max": "auto"
        },
        "custom_links": []
    }
},
{
    "id" : 26${gke_x3},
    "layout": {
      "x": ${gke_x3},
      "y": ${gke_widget5_y},
      "width": ${gke_metrics_panel_width},
      "height": ${gke_metrics_panel_height}
    },
    "definition": {
        "title": "Replicas Unavailable",
        "title_size": "16",
        "title_align": "left",
        "show_legend": false,
        "legend_size": "0",
        "type": "timeseries",
        "requests": [
            {
                "q": "sum:kubernetes_state.deployment.replicas_unavailable{${gke_dashboard_tags}} by {kube_cluster_name,kube_namespace,kube_deployment}",
                "style": {
                    "palette": "orange",
                    "line_type": "solid",
                    "line_width": "normal"
                },
                "display_type": "area"
            }
        ],
        "yaxis": {
            "include_zero": true,
            "scale": "linear",
            "label": "",
            "min": "auto",
            "max": "auto"
        },
        "right_yaxis": {
            "scale": "linear",
            "label": "",
            "min": "auto",
            "max": "auto"
        },
        "custom_links": []
    }
},
{
    "id" : 27${gke_x3},
    "layout": {
      "x": ${gke_x3},
      "y": ${gke_widget6_y},
      "width": ${gke_metrics_panel_width},
      "height": ${gke_metrics_panel_height}
    },
    "definition": {
        "title": "Replicas Outdated",
        "title_size": "16",
        "title_align": "left",
        "show_legend": false,
        "legend_size": "0",
        "type": "timeseries",
        "requests": [
            {
                "q": "sum:kubernetes_state.deployment.replicas{${gke_dashboard_tags}} by {deployment}-sum:kubernetes_state.deployment.replicas_updated{${gke_dashboard_tags}} by {deployment}",
                "style": {
                    "palette": "orange",
                    "line_type": "solid",
                    "line_width": "normal"
                },
                "display_type": "area"
            }
        ],
        "yaxis": {
            "include_zero": true,
            "scale": "linear",
            "label": "",
            "min": "auto",
            "max": "auto"
        },
        "markers": [
            {
                "label": "y = 0",
                "value": "y = 0",
                "display_type": "ok dashed"
            }
        ],
        "custom_links": []
    }
},
{
    "id" : 28${gke_x3},
    "layout": {
      "x": ${gke_x3},
      "y": ${gke_widget7_y},
      "width": ${gke_metrics_panel_width},
      "height": ${gke_metrics_panel_height}
    },
    "definition": {
        "title": "Replicas Desired but Not Available",
        "title_size": "16",
        "title_align": "left",
        "show_legend": false,
        "legend_size": "0",
        "type": "timeseries",
        "requests": [
            {
                "q": "sum:kubernetes_state.deployment.replicas_desired{${gke_dashboard_tags}} by {deployment}-sum:kubernetes_state.deployment.replicas_available{${gke_dashboard_tags}} by {deployment}",
                "style": {
                    "palette": "dog_classic",
                    "line_type": "solid",
                    "line_width": "normal"
                },
                "display_type": "area"
            }
        ],
        "yaxis": {
            "include_zero": true,
            "scale": "linear",
            "label": "",
            "min": "auto",
            "max": "auto"
        },
        "right_yaxis": {
            "scale": "linear",
            "label": "",
            "min": "auto",
            "max": "auto"
        },
        "custom_links": []
    }
},
{
    "id" : 29${gke_x3},
    "layout": {
      "x": ${gke_x3},
      "y": ${gke_widget8_y},
      "width": ${gke_metrics_panel_width},
      "height": ${gke_metrics_panel_height}
    },
    "definition": {
        "title": "Max Unavailable Replicas in Rolling Update (spec strategy)",
        "title_size": "16",
        "title_align": "left",
        "show_legend": false,
        "legend_size": "0",
        "type": "timeseries",
        "requests": [
            {
                "q": "sum:kubernetes_state.deployment.rollingupdate.max_unavailable{${gke_dashboard_tags}} by {deployment}",
                "style": {
                    "palette": "warm",
                    "line_type": "solid",
                    "line_width": "normal"
                },
                "display_type": "area"
            }
        ],
        "yaxis": {
            "include_zero": true,
            "scale": "linear",
            "label": "",
            "min": "auto",
            "max": "auto"
        },
        "custom_links": []
    }
}